{
  "resistance_history": [
    {
      "resistance_id": 2428,
      "test_date": null,
      "test_type": "genotypic",
      "mutations": {
        "pr": [],
        "rt": [
          "K101Q"
        ],
        "in": []
      },
      "has_mutation": true
    },
    {
      "resistance_id": 2429,
      "test_date": null,
      "test_type": "phenotypic",
      "mutations": {
        "pr": [],
        "rt": [
          "K101Q"
        ],
        "in": []
      },
      "has_mutation": true
    }
  ]
}