{
  "resistance_history": [
    {
      "resistance_id": 3055,
      "test_date": null,
      "test_type": "phenotypic",
      "mutations": {
        "pr": [
          "M36I",
          "I62V",
          "L63P"
        ],
        "rt": [],
        "in": []
      },
      "has_mutation": true
    },
    {
      "resistance_id": 3057,
      "test_date": null,
      "test_type": "phenotypic",
      "mutations": {
        "pr": [
          "M36I"
        ],
        "rt": [],
        "in": []
      },
      "has_mutation": true
    },
    {
      "resistance_id": 3056,
      "test_date": null,
      "test_type": "genotypic",
      "mutations": {
        "pr": [
          "M36I",
          "I62V",
          "L63P"
        ],
        "rt": [],
        "in": []
      },
      "has_mutation": true
    }
  ]
}