{
  "resistance_history": [
    {
      "resistance_id": 2198,
      "test_date": null,
      "test_type": "genotypic",
      "mutations": {
        "pr": [
          "I13V",
          "K20R",
          "M36I",
          "H69K",
          "L89M"
        ],
        "rt": [],
        "in": []
      },
      "has_mutation": true
    },
    {
      "resistance_id": 2199,
      "test_date": null,
      "test_type": "phenotypic",
      "mutations": {
        "pr": [
          "K20R",
          "M36I"
        ],
        "rt": [],
        "in": []
      },
      "has_mutation": true
    }
  ]
}