{
  "resistance_history": [
    {
      "resistance_id": 840,
      "test_date": null,
      "test_type": "genotypic",
      "mutations": {
        "pr": [
          "D30N",
          "L63P",
          "N88D"
        ],
        "rt": [
          "K70R",
          "M184V"
        ],
        "in": []
      },
      "has_mutation": true
    },
    {
      "resistance_id": 841,
      "test_date": null,
      "test_type": "phenotypic",
      "mutations": {
        "pr": [
          "L63P",
          "V77I"
        ],
        "rt": [],
        "in": []
      },
      "has_mutation": true
    }
  ]
}