{
  "resistance_history": [
    {
      "resistance_id": 597,
      "test_date": null,
      "test_type": "phenotypic",
      "mutations": {
        "pr": [
          "M36I"
        ],
        "rt": [],
        "in": []
      },
      "has_mutation": true
    },
    {
      "resistance_id": 598,
      "test_date": null,
      "test_type": "genotypic",
      "mutations": {
        "pr": [
          "M36L"
        ],
        "rt": [],
        "in": []
      },
      "has_mutation": true
    }
  ]
}