{
  "resistance_history": [
    {
      "resistance_id": 2837,
      "test_date": null,
      "test_type": "phenotypic",
      "mutations": {
        "pr": [
          "I13V",
          "M36I",
          "I62V",
          "V77I"
        ],
        "rt": [
          "K103N",
          "M184V"
        ],
        "in": []
      },
      "has_mutation": true
    },
    {
      "resistance_id": 2842,
      "test_date": null,
      "test_type": "genotypic",
      "mutations": {
        "pr": [
          "I13V",
          "M36I",
          "I62V",
          "V77I"
        ],
        "rt": [
          "K101P",
          "K103N",
          "M184V"
        ],
        "in": []
      },
      "has_mutation": true
    },
    {
      "resistance_id": 2841,
      "test_date": null,
      "test_type": "phenotypic",
      "mutations": {
        "pr": [
          "M36I",
          "I62V",
          "V77I"
        ],
        "rt": [],
        "in": []
      },
      "has_mutation": true
    },
    {
      "resistance_id": 2840,
      "test_date": null,
      "test_type": "genotypic",
      "mutations": {
        "pr": [],
        "rt": [],
        "in": []
      },
      "has_mutation": false
    },
    {
      "resistance_id": 2839,
      "test_date": null,
      "test_type": "phenotypic",
      "mutations": {
        "pr": [],
        "rt": [],
        "in": []
      },
      "has_mutation": false
    },
    {
      "resistance_id": 2838,
      "test_date": null,
      "test_type": "genotypic",
      "mutations": {
        "pr": [],
        "rt": [],
        "in": []
      },
      "has_mutation": false
    }
  ]
}