{
  "resistance_history": [
    {
      "resistance_id": 3066,
      "test_date": null,
      "test_type": "genotypic",
      "mutations": {
        "pr": [
          "V77I",
          "I93L"
        ],
        "rt": [],
        "in": []
      },
      "has_mutation": true
    },
    {
      "resistance_id": 3068,
      "test_date": null,
      "test_type": "genotypic",
      "mutations": {
        "pr": [
          "L10I",
          "V77I",
          "I93L"
        ],
        "rt": [],
        "in": []
      },
      "has_mutation": true
    },
    {
      "resistance_id": 3067,
      "test_date": null,
      "test_type": "phenotypic",
      "mutations": {
        "pr": [
          "L10I",
          "V77I",
          "I93L"
        ],
        "rt": [],
        "in": []
      },
      "has_mutation": true
    }
  ]
}