{
  "resistance_history": [
    {
      "resistance_id": 14956,
      "test_date": "2022-06-29",
      "test_type": "genotypic",
      "mutations": {
        "pr": [],
        "rt": [],
        "in": []
      },
      "has_mutation": false
    },
    {
      "resistance_id": 1929,
      "test_date": null,
      "test_type": "phenotypic",
      "mutations": {
        "pr": [],
        "rt": [
          "V90I"
        ],
        "in": []
      },
      "has_mutation": true
    },
    {
      "resistance_id": 1927,
      "test_date": null,
      "test_type": "phenotypic",
      "mutations": {
        "pr": [
          "L63P"
        ],
        "rt": [],
        "in": []
      },
      "has_mutation": true
    },
    {
      "resistance_id": 1928,
      "test_date": null,
      "test_type": "genotypic",
      "mutations": {
        "pr": [
          "L33V"
        ],
        "rt": [
          "T69N"
        ],
        "in": []
      },
      "has_mutation": true
    }
  ]
}