{
  "resistance_history": [
    {
      "resistance_id": 533,
      "test_date": null,
      "test_type": "phenotypic",
      "mutations": {
        "pr": [
          "A71T",
          "G73S"
        ],
        "rt": [
          "A62V",
          "L210W",
          "T215F"
        ],
        "in": []
      },
      "has_mutation": true
    },
    {
      "resistance_id": 534,
      "test_date": null,
      "test_type": "genotypic",
      "mutations": {
        "pr": [
          "A71V",
          "N88D"
        ],
        "rt": [
          "V75I",
          "Q151M"
        ],
        "in": []
      },
      "has_mutation": true
    }
  ]
}