{
  "resistance_history": [
    {
      "resistance_id": 945,
      "test_date": null,
      "test_type": "phenotypic",
      "mutations": {
        "pr": [
          "R41L",
          "L63P"
        ],
        "rt": [
          "D67N",
          "K70R",
          "K103N",
          "T215F",
          "K219Q"
        ],
        "in": []
      },
      "has_mutation": true
    },
    {
      "resistance_id": 948,
      "test_date": null,
      "test_type": "genotypic",
      "mutations": {
        "pr": [],
        "rt": [],
        "in": []
      },
      "has_mutation": false
    },
    {
      "resistance_id": 947,
      "test_date": null,
      "test_type": "phenotypic",
      "mutations": {
        "pr": [],
        "rt": [
          "V106I"
        ],
        "in": []
      },
      "has_mutation": true
    },
    {
      "resistance_id": 946,
      "test_date": null,
      "test_type": "genotypic",
      "mutations": {
        "pr": [
          "R41L",
          "L63P"
        ],
        "rt": [
          "D67N",
          "K70R",
          "K103N",
          "T215F",
          "K219Q"
        ],
        "in": []
      },
      "has_mutation": true
    }
  ]
}