{
  "resistance_history": [
    {
      "resistance_id": 3063,
      "test_date": null,
      "test_type": "phenotypic",
      "mutations": {
        "pr": [
          "L63P"
        ],
        "rt": [],
        "in": []
      },
      "has_mutation": true
    },
    {
      "resistance_id": 3064,
      "test_date": null,
      "test_type": "genotypic",
      "mutations": {
        "pr": [
          "L10I",
          "K43T",
          "M46L",
          "I54V",
          "D60E",
          "L63P",
          "A71V",
          "V77I",
          "V82A"
        ],
        "rt": [
          "M41L",
          "D67N",
          "V75M",
          "K101E",
          "V108I",
          "M184V",
          "G190S",
          "L210W",
          "T215Y"
        ],
        "in": []
      },
      "has_mutation": true
    }
  ]
}