{
  "resistance_history": [
    {
      "resistance_id": 2404,
      "test_date": null,
      "test_type": "genotypic",
      "mutations": {
        "pr": [],
        "rt": [
          "V179D"
        ],
        "in": []
      },
      "has_mutation": true
    },
    {
      "resistance_id": 2405,
      "test_date": null,
      "test_type": "phenotypic",
      "mutations": {
        "pr": [],
        "rt": [
          "V179D"
        ],
        "in": []
      },
      "has_mutation": true
    }
  ]
}