{
  "resistance_history": [
    {
      "resistance_id": 2821,
      "test_date": null,
      "test_type": "phenotypic",
      "mutations": {
        "pr": [
          "L10V",
          "K20M"
        ],
        "rt": [],
        "in": []
      },
      "has_mutation": true
    },
    {
      "resistance_id": 2823,
      "test_date": null,
      "test_type": "phenotypic",
      "mutations": {
        "pr": [
          "L10V"
        ],
        "rt": [],
        "in": []
      },
      "has_mutation": true
    },
    {
      "resistance_id": 2822,
      "test_date": null,
      "test_type": "genotypic",
      "mutations": {
        "pr": [],
        "rt": [],
        "in": []
      },
      "has_mutation": false
    }
  ]
}