{
  "resistance_history": [
    {
      "resistance_id": 2655,
      "test_date": null,
      "test_type": "phenotypic",
      "mutations": {
        "pr": [],
        "rt": [],
        "in": []
      },
      "has_mutation": false
    },
    {
      "resistance_id": 2659,
      "test_date": null,
      "test_type": "phenotypic",
      "mutations": {
        "pr": [
          "L10I",
          "L24I",
          "M36I",
          "R41L",
          "M46I",
          "I54V",
          "A71V",
          "V82T",
          "I84V"
        ],
        "rt": [
          "D67N",
          "T215Y"
        ],
        "in": []
      },
      "has_mutation": true
    },
    {
      "resistance_id": 2658,
      "test_date": null,
      "test_type": "genotypic",
      "mutations": {
        "pr": [
          "R41L"
        ],
        "rt": [
          "D67N",
          "T215Y"
        ],
        "in": []
      },
      "has_mutation": true
    },
    {
      "resistance_id": 2657,
      "test_date": null,
      "test_type": "phenotypic",
      "mutations": {
        "pr": [
          "R41L"
        ],
        "rt": [
          "K103N",
          "M184V"
        ],
        "in": []
      },
      "has_mutation": true
    },
    {
      "resistance_id": 2656,
      "test_date": null,
      "test_type": "genotypic",
      "mutations": {
        "pr": [],
        "rt": [],
        "in": []
      },
      "has_mutation": false
    }
  ]
}