{
  "resistance_history": [
    {
      "resistance_id": 3033,
      "test_date": null,
      "test_type": "phenotypic",
      "mutations": {
        "pr": [
          "D30N",
          "M36I",
          "N88D"
        ],
        "rt": [
          "A62V",
          "M184V",
          "Y188L"
        ],
        "in": []
      },
      "has_mutation": true
    },
    {
      "resistance_id": 3036,
      "test_date": null,
      "test_type": "genotypic",
      "mutations": {
        "pr": [
          "D30N",
          "M36I",
          "N88D"
        ],
        "rt": [
          "A62V",
          "M184V",
          "Y188L"
        ],
        "in": []
      },
      "has_mutation": true
    },
    {
      "resistance_id": 3035,
      "test_date": null,
      "test_type": "phenotypic",
      "mutations": {
        "pr": [
          "N88D"
        ],
        "rt": [
          "A62V",
          "M184V",
          "Y188L"
        ],
        "in": []
      },
      "has_mutation": true
    },
    {
      "resistance_id": 3034,
      "test_date": null,
      "test_type": "genotypic",
      "mutations": {
        "pr": [
          "D30N",
          "M36I",
          "N88D"
        ],
        "rt": [
          "A62V",
          "M184V",
          "Y188L"
        ],
        "in": []
      },
      "has_mutation": true
    }
  ]
}