{
  "resistance_history": [
    {
      "resistance_id": 987,
      "test_date": null,
      "test_type": "phenotypic",
      "mutations": {
        "pr": [
          "K20R",
          "M36I"
        ],
        "rt": [
          "V106I"
        ],
        "in": []
      },
      "has_mutation": true
    },
    {
      "resistance_id": 988,
      "test_date": null,
      "test_type": "genotypic",
      "mutations": {
        "pr": [
          "K20R",
          "M36I"
        ],
        "rt": [
          "V106I"
        ],
        "in": []
      },
      "has_mutation": true
    }
  ]
}