{
  "resistance_history": [
    {
      "resistance_id": 1371,
      "test_date": null,
      "test_type": "phenotypic",
      "mutations": {
        "pr": [],
        "rt": [
          "K101E"
        ],
        "in": []
      },
      "has_mutation": true
    },
    {
      "resistance_id": 1372,
      "test_date": null,
      "test_type": "genotypic",
      "mutations": {
        "pr": [],
        "rt": [
          "K101E"
        ],
        "in": []
      },
      "has_mutation": true
    }
  ]
}