{
  "resistance_history": [
    {
      "resistance_id": 17595,
      "test_date": "2023-05-11",
      "test_type": "phenotypic",
      "mutations": {
        "pr": [],
        "rt": [
          "M184V",
          "M184I",
          "M184V",
          "M184I"
        ],
        "in": [
          "G118R",
          "G118R"
        ]
      },
      "has_mutation": true
    },
    {
      "resistance_id": 17755,
      "test_date": "2023-09-07",
      "test_type": "phenotypic",
      "mutations": {
        "pr": [],
        "rt": [
          "M184I"
        ],
        "in": [
          "G118R"
        ]
      },
      "has_mutation": true
    }
  ]
}