{
  "resistance_history": [
    {
      "resistance_id": 255,
      "test_date": null,
      "test_type": "phenotypic",
      "mutations": {
        "pr": [
          "I13V"
        ],
        "rt": [],
        "in": []
      },
      "has_mutation": true
    },
    {
      "resistance_id": 256,
      "test_date": null,
      "test_type": "genotypic",
      "mutations": {
        "pr": [
          "I13V"
        ],
        "rt": [],
        "in": []
      },
      "has_mutation": true
    }
  ]
}