{
  "resistance_history": [
    {
      "resistance_id": 17016,
      "test_date": "2023-05-19",
      "test_type": "genotypic",
      "mutations": {
        "pr": [],
        "rt": [],
        "in": []
      },
      "has_mutation": false
    },
    {
      "resistance_id": 71,
      "test_date": null,
      "test_type": "phenotypic",
      "mutations": {
        "pr": [
          "L10V"
        ],
        "rt": [],
        "in": []
      },
      "has_mutation": true
    },
    {
      "resistance_id": 70,
      "test_date": null,
      "test_type": "genotypic",
      "mutations": {
        "pr": [
          "L10V"
        ],
        "rt": [],
        "in": []
      },
      "has_mutation": true
    }
  ]
}