{
  "resistance_history": [
    {
      "resistance_id": 1107,
      "test_date": null,
      "test_type": "phenotypic",
      "mutations": {
        "pr": [
          "L10V",
          "K20I",
          "M36I"
        ],
        "rt": [
          "M41L",
          "A98G",
          "M184V",
          "T215F"
        ],
        "in": []
      },
      "has_mutation": true
    },
    {
      "resistance_id": 1109,
      "test_date": null,
      "test_type": "phenotypic",
      "mutations": {
        "pr": [],
        "rt": [],
        "in": []
      },
      "has_mutation": false
    },
    {
      "resistance_id": 1108,
      "test_date": null,
      "test_type": "genotypic",
      "mutations": {
        "pr": [
          "L63P",
          "V77I"
        ],
        "rt": [],
        "in": []
      },
      "has_mutation": true
    }
  ]
}