{
  "resistance_history": [
    {
      "resistance_id": 1926,
      "test_date": null,
      "test_type": "genotypic",
      "mutations": {
        "pr": [
          "L10F",
          "L24I",
          "L33I",
          "I50L",
          "Q58E",
          "A71V"
        ],
        "rt": [
          "K70E",
          "M184V",
          "T215Y"
        ],
        "in": []
      },
      "has_mutation": true
    },
    {
      "resistance_id": 1925,
      "test_date": null,
      "test_type": "phenotypic",
      "mutations": {
        "pr": [
          "M36I"
        ],
        "rt": [
          "T69D",
          "L74V",
          "M184V",
          "G190E",
          "K219E"
        ],
        "in": []
      },
      "has_mutation": true
    }
  ]
}