{
  "resistance_history": [
    {
      "resistance_id": 1087,
      "test_date": null,
      "test_type": "phenotypic",
      "mutations": {
        "pr": [
          "L10I",
          "M36I"
        ],
        "rt": [],
        "in": []
      },
      "has_mutation": true
    },
    {
      "resistance_id": 1086,
      "test_date": null,
      "test_type": "genotypic",
      "mutations": {
        "pr": [
          "L10I",
          "M36I"
        ],
        "rt": [],
        "in": []
      },
      "has_mutation": true
    }
  ]
}