{
  "resistance_history": [
    {
      "resistance_id": 1076,
      "test_date": null,
      "test_type": "genotypic",
      "mutations": {
        "pr": [],
        "rt": [
          "K103N",
          "Y188L"
        ],
        "in": []
      },
      "has_mutation": true
    },
    {
      "resistance_id": 1070,
      "test_date": null,
      "test_type": "genotypic",
      "mutations": {
        "pr": [
          "I13V",
          "L63P",
          "V77I"
        ],
        "rt": [
          "K103N"
        ],
        "in": []
      },
      "has_mutation": true
    },
    {
      "resistance_id": 1069,
      "test_date": null,
      "test_type": "phenotypic",
      "mutations": {
        "pr": [
          "L10I",
          "L63P",
          "V77I"
        ],
        "rt": [
          "K103N",
          "M184V"
        ],
        "in": []
      },
      "has_mutation": true
    },
    {
      "resistance_id": 1068,
      "test_date": null,
      "test_type": "genotypic",
      "mutations": {
        "pr": [],
        "rt": [
          "K103N"
        ],
        "in": []
      },
      "has_mutation": true
    },
    {
      "resistance_id": 1067,
      "test_date": null,
      "test_type": "phenotypic",
      "mutations": {
        "pr": [
          "L63P"
        ],
        "rt": [
          "K103N",
          "M184V"
        ],
        "in": []
      },
      "has_mutation": true
    },
    {
      "resistance_id": 1075,
      "test_date": null,
      "test_type": "phenotypic",
      "mutations": {
        "pr": [],
        "rt": [
          "K103N"
        ],
        "in": []
      },
      "has_mutation": true
    },
    {
      "resistance_id": 1074,
      "test_date": null,
      "test_type": "genotypic",
      "mutations": {
        "pr": [],
        "rt": [
          "K103N"
        ],
        "in": []
      },
      "has_mutation": true
    },
    {
      "resistance_id": 1073,
      "test_date": null,
      "test_type": "phenotypic",
      "mutations": {
        "pr": [],
        "rt": [
          "K103N"
        ],
        "in": []
      },
      "has_mutation": true
    },
    {
      "resistance_id": 1072,
      "test_date": null,
      "test_type": "genotypic",
      "mutations": {
        "pr": [
          "I13V",
          "L63P",
          "V77I"
        ],
        "rt": [
          "K103N"
        ],
        "in": []
      },
      "has_mutation": true
    },
    {
      "resistance_id": 1071,
      "test_date": null,
      "test_type": "phenotypic",
      "mutations": {
        "pr": [
          "I13V",
          "L63P"
        ],
        "rt": [
          "K103N"
        ],
        "in": []
      },
      "has_mutation": true
    }
  ]
}