{
  "resistance_history": [
    {
      "resistance_id": 3181,
      "test_date": null,
      "test_type": "phenotypic",
      "mutations": {
        "pr": [
          "A71T"
        ],
        "rt": [
          "K101H",
          "G190S"
        ],
        "in": []
      },
      "has_mutation": true
    },
    {
      "resistance_id": 21776,
      "test_date": "2025-02-09",
      "test_type": "genotypic",
      "mutations": {
        "pr": [],
        "rt": [],
        "in": []
      },
      "has_mutation": false
    },
    {
      "resistance_id": 3182,
      "test_date": null,
      "test_type": "genotypic",
      "mutations": {
        "pr": [
          "A71T"
        ],
        "rt": [
          "K101Q",
          "K103N"
        ],
        "in": []
      },
      "has_mutation": true
    }
  ]
}