{
  "resistance_history": [
    {
      "resistance_id": 15695,
      "test_date": "2021-09-08",
      "test_type": "phenotypic",
      "mutations": {
        "pr": [],
        "rt": [
          "E138A",
          "V179E"
        ],
        "in": []
      },
      "has_mutation": true
    },
    {
      "resistance_id": 15772,
      "test_date": "2021-10-18",
      "test_type": "genotypic",
      "mutations": {
        "pr": [],
        "rt": [
          "E138A",
          "V179E"
        ],
        "in": []
      },
      "has_mutation": true
    }
  ]
}