{
  "resistance_history": [
    {
      "resistance_id": 1860,
      "test_date": null,
      "test_type": "genotypic",
      "mutations": {
        "pr": [
          "L33F"
        ],
        "rt": [],
        "in": []
      },
      "has_mutation": true
    },
    {
      "resistance_id": 1861,
      "test_date": null,
      "test_type": "phenotypic",
      "mutations": {
        "pr": [
          "L33F"
        ],
        "rt": [],
        "in": []
      },
      "has_mutation": true
    }
  ]
}