{
  "resistance_history": [
    {
      "resistance_id": 2469,
      "test_date": null,
      "test_type": "phenotypic",
      "mutations": {
        "pr": [
          "G16E",
          "M36I"
        ],
        "rt": [
          "K103N"
        ],
        "in": []
      },
      "has_mutation": true
    },
    {
      "resistance_id": 2470,
      "test_date": null,
      "test_type": "genotypic",
      "mutations": {
        "pr": [
          "I93M"
        ],
        "rt": [],
        "in": []
      },
      "has_mutation": true
    }
  ]
}