{
  "resistance_history": [
    {
      "resistance_id": 17556,
      "test_date": "2023-07-05",
      "test_type": "genotypic",
      "mutations": {
        "pr": [],
        "rt": [],
        "in": []
      },
      "has_mutation": false
    },
    {
      "resistance_id": 968,
      "test_date": null,
      "test_type": "genotypic",
      "mutations": {
        "pr": [],
        "rt": [],
        "in": []
      },
      "has_mutation": false
    },
    {
      "resistance_id": 967,
      "test_date": null,
      "test_type": "phenotypic",
      "mutations": {
        "pr": [
          "L63P",
          "I93L"
        ],
        "rt": [],
        "in": []
      },
      "has_mutation": true
    },
    {
      "resistance_id": 966,
      "test_date": null,
      "test_type": "genotypic",
      "mutations": {
        "pr": [
          "L63P"
        ],
        "rt": [],
        "in": []
      },
      "has_mutation": true
    }
  ]
}