{
  "resistance_history": [
    {
      "resistance_id": 2774,
      "test_date": null,
      "test_type": "genotypic",
      "mutations": {
        "pr": [],
        "rt": [],
        "in": []
      },
      "has_mutation": false
    },
    {
      "resistance_id": 2776,
      "test_date": null,
      "test_type": "genotypic",
      "mutations": {
        "pr": [],
        "rt": [
          "K103N",
          "M184V"
        ],
        "in": []
      },
      "has_mutation": true
    },
    {
      "resistance_id": 2775,
      "test_date": null,
      "test_type": "phenotypic",
      "mutations": {
        "pr": [
          "M36I"
        ],
        "rt": [
          "K103N",
          "M184V"
        ],
        "in": []
      },
      "has_mutation": true
    }
  ]
}