{
  "resistance_history": [
    {
      "resistance_id": 2992,
      "test_date": null,
      "test_type": "genotypic",
      "mutations": {
        "pr": [
          "M36I",
          "M46L"
        ],
        "rt": [
          "Y181C",
          "M184V",
          "T215Y"
        ],
        "in": []
      },
      "has_mutation": true
    },
    {
      "resistance_id": 2994,
      "test_date": null,
      "test_type": "genotypic",
      "mutations": {
        "pr": [
          "I13V",
          "M36I"
        ],
        "rt": [],
        "in": []
      },
      "has_mutation": true
    },
    {
      "resistance_id": 2991,
      "test_date": null,
      "test_type": "phenotypic",
      "mutations": {
        "pr": [
          "I13V",
          "M36I",
          "M46V"
        ],
        "rt": [
          "Y181C",
          "M184V",
          "T215Y"
        ],
        "in": []
      },
      "has_mutation": true
    },
    {
      "resistance_id": 2993,
      "test_date": null,
      "test_type": "phenotypic",
      "mutations": {
        "pr": [],
        "rt": [],
        "in": []
      },
      "has_mutation": false
    }
  ]
}