{
  "resistance_history": [
    {
      "resistance_id": 2725,
      "test_date": null,
      "test_type": "phenotypic",
      "mutations": {
        "pr": [],
        "rt": [],
        "in": []
      },
      "has_mutation": false
    },
    {
      "resistance_id": 2727,
      "test_date": null,
      "test_type": "phenotypic",
      "mutations": {
        "pr": [
          "D30N",
          "R41L",
          "A71T",
          "N88D",
          "L90M"
        ],
        "rt": [
          "K103N",
          "M184V",
          "T215Y"
        ],
        "in": []
      },
      "has_mutation": true
    },
    {
      "resistance_id": 2726,
      "test_date": null,
      "test_type": "genotypic",
      "mutations": {
        "pr": [
          "D30N",
          "R41L",
          "L63P",
          "A71T",
          "N88D"
        ],
        "rt": [
          "K103N",
          "L210W",
          "T215Y"
        ],
        "in": []
      },
      "has_mutation": true
    }
  ]
}