{
  "resistance_history": [
    {
      "resistance_id": 419,
      "test_date": null,
      "test_type": "phenotypic",
      "mutations": {
        "pr": [],
        "rt": [
          "L74V",
          "Y181C",
          "M184V",
          "L210W",
          "T215Y"
        ],
        "in": []
      },
      "has_mutation": true
    },
    {
      "resistance_id": 421,
      "test_date": null,
      "test_type": "phenotypic",
      "mutations": {
        "pr": [
          "M36I"
        ],
        "rt": [
          "M41L",
          "A62V",
          "L74V",
          "Y181C",
          "M184V",
          "L210W",
          "T215Y"
        ],
        "in": []
      },
      "has_mutation": true
    },
    {
      "resistance_id": 420,
      "test_date": null,
      "test_type": "genotypic",
      "mutations": {
        "pr": [
          "M36I"
        ],
        "rt": [
          "M41L",
          "A62V",
          "L74V",
          "Y181I",
          "M184V",
          "L210W",
          "T215Y"
        ],
        "in": []
      },
      "has_mutation": true
    }
  ]
}