{
  "resistance_history": [
    {
      "resistance_id": 2054,
      "test_date": null,
      "test_type": "genotypic",
      "mutations": {
        "pr": [
          "L10F",
          "G48V",
          "L63P",
          "N88D"
        ],
        "rt": [
          "M184V"
        ],
        "in": []
      },
      "has_mutation": true
    },
    {
      "resistance_id": 2055,
      "test_date": null,
      "test_type": "phenotypic",
      "mutations": {
        "pr": [
          "L10F",
          "Q58E"
        ],
        "rt": [
          "D67N",
          "T69N",
          "K70R",
          "Y181C",
          "G190A",
          "T215F",
          "K219E"
        ],
        "in": []
      },
      "has_mutation": true
    }
  ]
}