{
  "resistance_history": [
    {
      "resistance_id": 922,
      "test_date": null,
      "test_type": "genotypic",
      "mutations": {
        "pr": [
          "M36I"
        ],
        "rt": [
          "D67N",
          "K70R",
          "M184V"
        ],
        "in": []
      },
      "has_mutation": true
    },
    {
      "resistance_id": 921,
      "test_date": null,
      "test_type": "phenotypic",
      "mutations": {
        "pr": [
          "M36I",
          "I62V"
        ],
        "rt": [
          "M184V"
        ],
        "in": []
      },
      "has_mutation": true
    },
    {
      "resistance_id": 923,
      "test_date": null,
      "test_type": "phenotypic",
      "mutations": {
        "pr": [],
        "rt": [
          "D67N",
          "K70R",
          "M184V"
        ],
        "in": []
      },
      "has_mutation": true
    }
  ]
}