{
  "resistance_history": [
    {
      "resistance_id": 1340,
      "test_date": null,
      "test_type": "genotypic",
      "mutations": {
        "pr": [
          "L63P",
          "G73S",
          "V82A"
        ],
        "rt": [
          "K101E",
          "M184V"
        ],
        "in": []
      },
      "has_mutation": true
    },
    {
      "resistance_id": 1347,
      "test_date": null,
      "test_type": "phenotypic",
      "mutations": {
        "pr": [
          "L10I"
        ],
        "rt": [
          "K101P",
          "K103N",
          "E138A"
        ],
        "in": []
      },
      "has_mutation": true
    },
    {
      "resistance_id": 1346,
      "test_date": null,
      "test_type": "genotypic",
      "mutations": {
        "pr": [
          "L10I"
        ],
        "rt": [
          "K101P",
          "K103N",
          "E138A"
        ],
        "in": []
      },
      "has_mutation": true
    },
    {
      "resistance_id": 1345,
      "test_date": null,
      "test_type": "phenotypic",
      "mutations": {
        "pr": [],
        "rt": [
          "K101P",
          "K103N",
          "E138A"
        ],
        "in": []
      },
      "has_mutation": true
    },
    {
      "resistance_id": 1344,
      "test_date": null,
      "test_type": "genotypic",
      "mutations": {
        "pr": [],
        "rt": [
          "K101P",
          "K103N"
        ],
        "in": []
      },
      "has_mutation": true
    },
    {
      "resistance_id": 1343,
      "test_date": null,
      "test_type": "phenotypic",
      "mutations": {
        "pr": [
          "L10I"
        ],
        "rt": [
          "K101P",
          "K103N"
        ],
        "in": []
      },
      "has_mutation": true
    },
    {
      "resistance_id": 1342,
      "test_date": null,
      "test_type": "genotypic",
      "mutations": {
        "pr": [
          "L63P",
          "G73S",
          "V77I",
          "V82A"
        ],
        "rt": [
          "K103N",
          "M184V"
        ],
        "in": []
      },
      "has_mutation": true
    },
    {
      "resistance_id": 1341,
      "test_date": null,
      "test_type": "phenotypic",
      "mutations": {
        "pr": [
          "L63P",
          "G73S",
          "V82A"
        ],
        "rt": [
          "K101Q",
          "M184V"
        ],
        "in": []
      },
      "has_mutation": true
    }
  ]
}