{
  "resistance_history": [
    {
      "resistance_id": 242,
      "test_date": null,
      "test_type": "genotypic",
      "mutations": {
        "pr": [],
        "rt": [
          "E138A",
          "Y181I"
        ],
        "in": []
      },
      "has_mutation": true
    },
    {
      "resistance_id": 243,
      "test_date": null,
      "test_type": "phenotypic",
      "mutations": {
        "pr": [
          "L10V",
          "K20R",
          "M36I"
        ],
        "rt": [
          "V90I",
          "K103N",
          "V108I",
          "M184V"
        ],
        "in": []
      },
      "has_mutation": true
    }
  ]
}