{
  "resistance_history": [
    {
      "resistance_id": 21215,
      "test_date": "1999-03-14",
      "test_type": "phenotypic",
      "mutations": {
        "pr": [
          "L10I",
          "I13V",
          "L24I",
          "M36L",
          "M46I",
          "I54V",
          "Q58E",
          "I62V",
          "L63P",
          "L76V",
          "V82I",
          "I84V",
          "L89I"
        ],
        "rt": [
          "M41L",
          "D67N",
          "K70R",
          "L74I",
          "K103H",
          "Y115F",
          "V179I",
          "M184V",
          "T215I",
          "K219Q"
        ],
        "in": []
      },
      "has_mutation": true
    },
    {
      "resistance_id": 21216,
      "test_date": "1999-03-10",
      "test_type": "genotypic",
      "mutations": {
        "pr": [
          "L10V",
          "L24I",
          "V32I",
          "L33F",
          "M36I",
          "M46I",
          "I54V",
          "Q58E",
          "I62V",
          "L63P",
          "H69I",
          "L76V",
          "V82I",
          "I84V",
          "I85V",
          "L89I"
        ],
        "rt": [
          "M41L",
          "D67N",
          "T69N",
          "K70R",
          "L74V",
          "K103H",
          "V179I",
          "Y181C",
          "M184V",
          "Y188C",
          "T215Y",
          "K219Q"
        ],
        "in": [
          "V151I",
          "N155H"
        ]
      },
      "has_mutation": true
    }
  ]
}