{
  "resistance_history": [
    {
      "resistance_id": 1589,
      "test_date": null,
      "test_type": "phenotypic",
      "mutations": {
        "pr": [
          "L10I",
          "I13V",
          "M36I",
          "I62V"
        ],
        "rt": [
          "M184V"
        ],
        "in": []
      },
      "has_mutation": true
    },
    {
      "resistance_id": 1590,
      "test_date": null,
      "test_type": "genotypic",
      "mutations": {
        "pr": [
          "L10I",
          "I13V",
          "M36I",
          "I62V"
        ],
        "rt": [
          "M184V"
        ],
        "in": []
      },
      "has_mutation": true
    }
  ]
}