{
  "resistance_history": [
    {
      "resistance_id": 1024,
      "test_date": null,
      "test_type": "genotypic",
      "mutations": {
        "pr": [
          "M36V"
        ],
        "rt": [
          "V179M"
        ],
        "in": []
      },
      "has_mutation": true
    },
    {
      "resistance_id": 1025,
      "test_date": null,
      "test_type": "phenotypic",
      "mutations": {
        "pr": [
          "M36I"
        ],
        "rt": [
          "V179E"
        ],
        "in": []
      },
      "has_mutation": true
    }
  ]
}