{
  "resistance_history": [
    {
      "resistance_id": 14038,
      "test_date": "2021-06-19",
      "test_type": "genotypic",
      "mutations": {
        "pr": [],
        "rt": [
          "D67N",
          "G190A",
          "T215I",
          "K219Q"
        ],
        "in": []
      },
      "has_mutation": true
    },
    {
      "resistance_id": 727,
      "test_date": null,
      "test_type": "phenotypic",
      "mutations": {
        "pr": [
          "M36I"
        ],
        "rt": [
          "D67N",
          "G190A",
          "K219Q"
        ],
        "in": []
      },
      "has_mutation": true
    },
    {
      "resistance_id": 726,
      "test_date": null,
      "test_type": "genotypic",
      "mutations": {
        "pr": [
          "M36I"
        ],
        "rt": [
          "D67N",
          "G190A",
          "K219Q"
        ],
        "in": []
      },
      "has_mutation": true
    }
  ]
}