{
  "resistance_history": [
    {
      "resistance_id": 2231,
      "test_date": null,
      "test_type": "phenotypic",
      "mutations": {
        "pr": [
          "L63P",
          "V77I"
        ],
        "rt": [
          "M184V",
          "Y188L"
        ],
        "in": []
      },
      "has_mutation": true
    },
    {
      "resistance_id": 2234,
      "test_date": null,
      "test_type": "genotypic",
      "mutations": {
        "pr": [],
        "rt": [],
        "in": []
      },
      "has_mutation": false
    },
    {
      "resistance_id": 2233,
      "test_date": null,
      "test_type": "phenotypic",
      "mutations": {
        "pr": [
          "L63P"
        ],
        "rt": [
          "D67N",
          "K70R",
          "Y188L"
        ],
        "in": []
      },
      "has_mutation": true
    },
    {
      "resistance_id": 2232,
      "test_date": null,
      "test_type": "genotypic",
      "mutations": {
        "pr": [
          "L63P",
          "V77I"
        ],
        "rt": [
          "M184V",
          "Y188L"
        ],
        "in": []
      },
      "has_mutation": true
    }
  ]
}