{
  "resistance_history": [
    {
      "resistance_id": 3158,
      "test_date": null,
      "test_type": "genotypic",
      "mutations": {
        "pr": [
          "M46I",
          "I54V",
          "L63P",
          "A71V",
          "V77I",
          "V82C",
          "L90M"
        ],
        "rt": [
          "M41L",
          "D67N",
          "K70R",
          "A98G",
          "K103N",
          "M184V",
          "L210W",
          "T215F"
        ],
        "in": []
      },
      "has_mutation": true
    },
    {
      "resistance_id": 3160,
      "test_date": null,
      "test_type": "genotypic",
      "mutations": {
        "pr": [
          "R41L",
          "M46I",
          "I54V",
          "L63P",
          "A71V",
          "V77I",
          "V82F",
          "L90M"
        ],
        "rt": [
          "D67N",
          "T69D",
          "K70R",
          "A98G",
          "K103N",
          "Y181I",
          "M184V",
          "L210W",
          "T215F",
          "K219Q"
        ],
        "in": []
      },
      "has_mutation": true
    },
    {
      "resistance_id": 3159,
      "test_date": null,
      "test_type": "phenotypic",
      "mutations": {
        "pr": [
          "M46I",
          "M46I",
          "I54V",
          "I54V",
          "L63P",
          "L63P",
          "A71V",
          "V77I",
          "V82F",
          "L90M"
        ],
        "rt": [
          "M41L",
          "D67N",
          "D67N",
          "K70R",
          "K70R",
          "A98G",
          "A98G",
          "K103N",
          "M184I",
          "M184I",
          "L210W",
          "L210W",
          "T215F",
          "T215F",
          "K219Q",
          "K219Q"
        ],
        "in": []
      },
      "has_mutation": true
    }
  ]
}