[
  {
    "drug_id": 1,
    "start_date": "1995-12-15",
    "end_date": "1997-05-13",
    "end_reason": {
      "code": "PHEND_UNK",
      "description": "Desconocido"
    },
    "dose_adm": {
      "presentation": null,
      "messure": 250,
      "other": "250 mg/12h",
      "frecuency": "C12H"
    },
    "info": {
      "text": "ZIDOVUDINA",
      "targa_short": "AZT",
      "brand": "RETROVIR",
      "presentation": "250,0",
      "presentation_unit": "COMP",
      "messure_unit": "MG",
      "atc": "J05AF01"
    }
  },
  {
    "drug_id": 177,
    "start_date": "2019-10-25",
    "end_date": null,
    "end_reason": {
      "code": null,
      "description": null
    },
    "dose_adm": {
      "presentation": 2,
      "messure": 1200,
      "other": "2 comp. diarios",
      "frecuency": "DE"
    },
    "info": {
      "text": "RALTEGRAVIR",
      "targa_short": "RAL",
      "brand": "ISSENTRESS",
      "presentation": "600,0",
      "presentation_unit": "COMP",
      "messure_unit": "MG",
      "atc": "J05AJ01"
    }
  },
  {
    "drug_id": 173,
    "start_date": "2019-10-25",
    "end_date": null,
    "end_reason": {
      "code": null,
      "description": null
    },
    "dose_adm": {
      "presentation": 1,
      "messure": null,
      "other": "1 c/dia",
      "frecuency": "C24H"
    },
    "info": {
      "text": "EMTRICITABINA/ TENOFOVIR ALAFENAMIDA",
      "targa_short": "FTC+TAF",
      "brand": "DESCOVY",
      "presentation": "200/25",
      "presentation_unit": "COMP",
      "messure_unit": "MG",
      "atc": "J05AR17"
    }
  },
  {
    "drug_id": 166,
    "start_date": "2016-04-19",
    "end_date": "2019-10-25",
    "end_reason": {
      "code": "PHEND_ADVEF",
      "description": "Efecto Secundario"
    },
    "dose_adm": {
      "presentation": 1,
      "messure": null,
      "other": "1 comp/día",
      "frecuency": "C24H"
    },
    "info": {
      "text": "DOLUTEGRAVIR/ ABACAVIR/ LAMIVUDINA",
      "targa_short": "DTG+ABV+3TC",
      "brand": "TRIUMEQ",
      "presentation": "50/600/300",
      "presentation_unit": "COMP",
      "messure_unit": "MG",
      "atc": "J05AR13"
    }
  },
  {
    "drug_id": 32,
    "start_date": "2011-12-13",
    "end_date": "2016-04-19",
    "end_reason": {
      "code": "PHEND_ADVEF",
      "description": "Efecto Secundario"
    },
    "dose_adm": {
      "presentation": 1,
      "messure": null,
      "other": "1 Comp./12h.",
      "frecuency": "C12H"
    },
    "info": {
      "text": "ABACAVIR/LAMIVUDINA/ZIDOVUDINA",
      "targa_short": "ABC+3TC+AZT",
      "brand": "TRIZIVIR",
      "presentation": "300/150/300",
      "presentation_unit": "COMP",
      "messure_unit": "MG",
      "atc": "J05AR04"
    }
  },
  {
    "drug_id": 86,
    "start_date": "2011-01-18",
    "end_date": "2011-12-13",
    "end_reason": {
      "code": "PHEND_FAIL",
      "description": "Fracaso"
    },
    "dose_adm": {
      "presentation": 1,
      "messure": null,
      "other": "1 Comp./24h.",
      "frecuency": "C24H"
    },
    "info": {
      "text": "EMTRICITABINA/TENOFOVIR",
      "targa_short": "FTC+TDF",
      "brand": "TRUVADA",
      "presentation": "200/245",
      "presentation_unit": "COMP",
      "messure_unit": "MG",
      "atc": "J05AR03"
    }
  },
  {
    "drug_id": 31,
    "start_date": "2010-07-27",
    "end_date": "2011-01-18",
    "end_reason": {
      "code": "PHEND_MEDSTI",
      "description": "Criterio Médico STI"
    },
    "dose_adm": {
      "presentation": 1,
      "messure": null,
      "other": "1 Comp/24h.",
      "frecuency": "C24H"
    },
    "info": {
      "text": "TENOFOVIR",
      "targa_short": "TDF",
      "brand": "VIREAD",
      "presentation": "300,0",
      "presentation_unit": "COMP",
      "messure_unit": "MG",
      "atc": "J05AF07"
    }
  },
  {
    "drug_id": 40,
    "start_date": "2010-07-27",
    "end_date": "2011-01-18",
    "end_reason": {
      "code": "PHEND_MEDSTI",
      "description": "Criterio Médico STI"
    },
    "dose_adm": {
      "presentation": 1,
      "messure": null,
      "other": "1 Comp./24h.",
      "frecuency": "C24H"
    },
    "info": {
      "text": "LAMIVUDINA",
      "targa_short": "3TC",
      "brand": "EPIVIR",
      "presentation": "300,0",
      "presentation_unit": "COMP",
      "messure_unit": "MG",
      "atc": "J05AF05"
    }
  },
  {
    "drug_id": 154,
    "start_date": "2010-01-12",
    "end_date": "2011-12-13",
    "end_reason": {
      "code": "PHEND_FAIL",
      "description": "Fracaso"
    },
    "dose_adm": {
      "presentation": 2,
      "messure": null,
      "other": "2Comp./24",
      "frecuency": "C24H"
    },
    "info": {
      "text": "NEVIRAPINA",
      "targa_short": "NVP",
      "brand": "KERN PHARMA",
      "presentation": "200,0",
      "presentation_unit": "COMP",
      "messure_unit": "MG",
      "atc": "J05AG01"
    }
  },
  {
    "drug_id": 86,
    "start_date": "2010-01-12",
    "end_date": "2010-07-27",
    "end_reason": {
      "code": "PHEND_MEDOTHER",
      "description": "Criterio Médico OTRAS"
    },
    "dose_adm": {
      "presentation": 1,
      "messure": null,
      "other": "1 Comp./24h.",
      "frecuency": "C24H"
    },
    "info": {
      "text": "EMTRICITABINA/TENOFOVIR",
      "targa_short": "FTC+TDF",
      "brand": "TRUVADA",
      "presentation": "200/245",
      "presentation_unit": "COMP",
      "messure_unit": "MG",
      "atc": "J05AR03"
    }
  },
  {
    "drug_id": 32,
    "start_date": "2002-02-12",
    "end_date": "2010-01-12",
    "end_reason": {
      "code": "PHEND_ADVEF",
      "description": "Efecto Secundario"
    },
    "dose_adm": {
      "presentation": 1,
      "messure": null,
      "other": "1 C /12H",
      "frecuency": "C12H"
    },
    "info": {
      "text": "ABACAVIR/LAMIVUDINA/ZIDOVUDINA",
      "targa_short": "ABC+3TC+AZT",
      "brand": "TRIZIVIR",
      "presentation": "300/150/300",
      "presentation_unit": "COMP",
      "messure_unit": "MG",
      "atc": "J05AR04"
    }
  },
  {
    "drug_id": 10,
    "start_date": "2001-06-26",
    "end_date": "2002-02-12",
    "end_reason": {
      "code": "PHEND_FAIL",
      "description": "Fracaso"
    },
    "dose_adm": {
      "presentation": null,
      "messure": 800,
      "other": "800 mg/8h",
      "frecuency": "C8H"
    },
    "info": {
      "text": "INDINAVIR",
      "targa_short": "IDV",
      "brand": "CRIXIVAN",
      "presentation": "400,0",
      "presentation_unit": "COMP",
      "messure_unit": "MG",
      "atc": "J05AE02"
    }
  },
  {
    "drug_id": 9,
    "start_date": "2001-06-26",
    "end_date": "2002-02-12",
    "end_reason": {
      "code": "PHEND_FAIL",
      "description": "Fracaso"
    },
    "dose_adm": {
      "presentation": null,
      "messure": 600,
      "other": "600 mg/12h",
      "frecuency": "C12H"
    },
    "info": {
      "text": "RITONAVIR",
      "targa_short": "RTV",
      "brand": "NORVIR",
      "presentation": "100,0",
      "presentation_unit": "COMP",
      "messure_unit": "MG",
      "atc": "J05AE03"
    }
  },
  {
    "drug_id": 4,
    "start_date": "2001-06-26",
    "end_date": "2002-02-12",
    "end_reason": {
      "code": "PHEND_FAIL",
      "description": "Fracaso"
    },
    "dose_adm": {
      "presentation": null,
      "messure": 150,
      "other": "150 mg/12h",
      "frecuency": "C12H"
    },
    "info": {
      "text": "LAMIVUDINA",
      "targa_short": "3TC",
      "brand": "EPIVIR",
      "presentation": "150,0",
      "presentation_unit": "COMP",
      "messure_unit": "MG",
      "atc": "J05AF05"
    }
  },
  {
    "drug_id": 7,
    "start_date": "2000-06-01",
    "end_date": "2001-06-26",
    "end_reason": {
      "code": "PHEND_FAIL",
      "description": "Fracaso"
    },
    "dose_adm": {
      "presentation": null,
      "messure": 600,
      "other": "600 mg/24h",
      "frecuency": "C24H"
    },
    "info": {
      "text": "EFAVIRENZ",
      "targa_short": "EFV",
      "brand": "SUSTIVA",
      "presentation": "600,0",
      "presentation_unit": "COMP",
      "messure_unit": "MG",
      "atc": "J05AG03"
    }
  },
  {
    "drug_id": 10,
    "start_date": "1998-01-29",
    "end_date": "1998-05-21",
    "end_reason": {
      "code": "PHEND_ABAN",
      "description": "Abandono"
    },
    "dose_adm": {
      "presentation": null,
      "messure": 800,
      "other": "800 mg/8h",
      "frecuency": "C8H"
    },
    "info": {
      "text": "INDINAVIR",
      "targa_short": "IDV",
      "brand": "CRIXIVAN",
      "presentation": "400,0",
      "presentation_unit": "COMP",
      "messure_unit": "MG",
      "atc": "J05AE02"
    }
  },
  {
    "drug_id": 3,
    "start_date": "1997-05-13",
    "end_date": "2002-02-12",
    "end_reason": {
      "code": "PHEND_FAIL",
      "description": "Fracaso"
    },
    "dose_adm": {
      "presentation": null,
      "messure": 150,
      "other": "150 mg/12h",
      "frecuency": "C12H"
    },
    "info": {
      "text": "DIDANOXINA",
      "targa_short": "DDI",
      "brand": "VIDEX",
      "presentation": "400,0",
      "presentation_unit": "CAPS",
      "messure_unit": "MG",
      "atc": "J05AF02"
    }
  },
  {
    "drug_id": 5,
    "start_date": "1997-05-13",
    "end_date": "2001-06-26",
    "end_reason": {
      "code": "PHEND_FAIL",
      "description": "Fracaso"
    },
    "dose_adm": {
      "presentation": null,
      "messure": 40,
      "other": "40 mg/12h",
      "frecuency": "C12H"
    },
    "info": {
      "text": "ESTAVUDINA",
      "targa_short": "D4T",
      "brand": "ZERIT",
      "presentation": "40,0",
      "presentation_unit": "COMP",
      "messure_unit": "MG",
      "atc": "J05AF04"
    }
  },
  {
    "drug_id": 2,
    "start_date": "1996-11-18",
    "end_date": "1997-05-13",
    "end_reason": {
      "code": "PHEND_UNK",
      "description": "Desconocido"
    },
    "dose_adm": {
      "presentation": null,
      "messure": null,
      "other": "0,75 mg/8 h",
      "frecuency": null
    },
    "info": {
      "text": "ZALCITABINA",
      "targa_short": "DDC",
      "brand": "HIVID",
      "presentation": "0.75",
      "presentation_unit": "COMP",
      "messure_unit": "MG",
      "atc": "J05AF03"
    }
  }
]