[
  {
    "drug_id": 167,
    "start_date": "2017-09-09",
    "end_date": "2021-02-22",
    "end_reason": {
      "code": "PHEND_MEDINTER",
      "description": "Criterio Médico INTERACCIONES"
    },
    "dose_adm": {
      "presentation": 1,
      "messure": null,
      "other": "1COMP C/24 H",
      "frecuency": "C24H"
    },
    "info": {
      "text": "DARUNAVIR/ COBICISTAT",
      "targa_short": "DRV+COBI",
      "brand": "REZOLSTA",
      "presentation": "800/150",
      "presentation_unit": "COMP",
      "messure_unit": "MG",
      "atc": "J05AR14"
    }
  },
  {
    "drug_id": 64,
    "start_date": "2008-04-10",
    "end_date": "2009-10-28",
    "end_reason": {
      "code": "PHEND_LOST",
      "description": "Perdido Control"
    },
    "dose_adm": {
      "presentation": 1,
      "messure": null,
      "other": "1c/24h",
      "frecuency": "C24H"
    },
    "info": {
      "text": "RITONAVIR",
      "targa_short": "RTV",
      "brand": "NORVIR",
      "presentation": "100,0",
      "presentation_unit": "COMP",
      "messure_unit": "MG",
      "atc": "J05AE03"
    }
  },
  {
    "drug_id": 41,
    "start_date": "2008-04-10",
    "end_date": "2009-10-28",
    "end_reason": {
      "code": "PHEND_LOST",
      "description": "Perdido Control"
    },
    "dose_adm": {
      "presentation": 2,
      "messure": null,
      "other": "2c/24h",
      "frecuency": "C24H"
    },
    "info": {
      "text": "ATAZANAVIR",
      "targa_short": "ATZ",
      "brand": "REYATAZ",
      "presentation": "150,0",
      "presentation_unit": "CAPS",
      "messure_unit": "MG",
      "atc": "J05AE08"
    }
  },
  {
    "drug_id": 85,
    "start_date": "2008-04-10",
    "end_date": "2009-10-28",
    "end_reason": {
      "code": "PHEND_LOST",
      "description": "Perdido Control"
    },
    "dose_adm": {
      "presentation": 1,
      "messure": null,
      "other": "1/24h",
      "frecuency": "C24H"
    },
    "info": {
      "text": "ABACAVIR SULFATE/ LAMIVUDINA",
      "targa_short": "ABC+3TC",
      "brand": "KIVEXA",
      "presentation": "600/300",
      "presentation_unit": "COMP",
      "messure_unit": "MG",
      "atc": "J05AR02"
    }
  },
  {
    "drug_id": 8,
    "start_date": "2007-10-18",
    "end_date": "2008-04-10",
    "end_reason": {
      "code": "PHEND_ABAN",
      "description": "Abandono"
    },
    "dose_adm": {
      "presentation": 1,
      "messure": null,
      "other": "1 Comp./12h.",
      "frecuency": "C12H"
    },
    "info": {
      "text": "ABACAVIR",
      "targa_short": "ABC",
      "brand": "ZIAGEN",
      "presentation": "300,0",
      "presentation_unit": "COMP",
      "messure_unit": "MG",
      "atc": "J05AF06"
    }
  },
  {
    "drug_id": 61,
    "start_date": "2007-10-18",
    "end_date": "2008-04-10",
    "end_reason": {
      "code": "PHEND_ABAN",
      "description": "Abandono"
    },
    "dose_adm": {
      "presentation": 1,
      "messure": null,
      "other": "1 Comp./12h.",
      "frecuency": "C12H"
    },
    "info": {
      "text": "ESTAVUDINA",
      "targa_short": "D4T",
      "brand": "ZERIT",
      "presentation": "30,0",
      "presentation_unit": "COMP",
      "messure_unit": "MG",
      "atc": "J05AF04"
    }
  },
  {
    "drug_id": 85,
    "start_date": "2006-06-16",
    "end_date": "2007-10-18",
    "end_reason": {
      "code": "PHEND_FAIL",
      "description": "Fracaso"
    },
    "dose_adm": {
      "presentation": 1,
      "messure": null,
      "other": "1 Comp./24h.",
      "frecuency": "C24H"
    },
    "info": {
      "text": "ABACAVIR SULFATE/ LAMIVUDINA",
      "targa_short": "ABC+3TC",
      "brand": "KIVEXA",
      "presentation": "600/300",
      "presentation_unit": "COMP",
      "messure_unit": "MG",
      "atc": "J05AR02"
    }
  },
  {
    "drug_id": 64,
    "start_date": "2005-10-31",
    "end_date": "2008-04-10",
    "end_reason": {
      "code": "PHEND_ABAN",
      "description": "Abandono"
    },
    "dose_adm": {
      "presentation": 1,
      "messure": null,
      "other": "1 Comp./24h.",
      "frecuency": "C24H"
    },
    "info": {
      "text": "RITONAVIR",
      "targa_short": "RTV",
      "brand": "NORVIR",
      "presentation": "100,0",
      "presentation_unit": "COMP",
      "messure_unit": "MG",
      "atc": "J05AE03"
    }
  },
  {
    "drug_id": 41,
    "start_date": "2005-10-31",
    "end_date": "2008-04-10",
    "end_reason": {
      "code": "PHEND_ABAN",
      "description": "Abandono"
    },
    "dose_adm": {
      "presentation": 2,
      "messure": null,
      "other": "2 Comp./24h.",
      "frecuency": "C24H"
    },
    "info": {
      "text": "ATAZANAVIR",
      "targa_short": "ATZ",
      "brand": "REYATAZ",
      "presentation": "150,0",
      "presentation_unit": "CAPS",
      "messure_unit": "MG",
      "atc": "J05AE08"
    }
  },
  {
    "drug_id": 27,
    "start_date": "2002-01-07",
    "end_date": "2005-05-24",
    "end_reason": {
      "code": "PHEND_ADVEF",
      "description": "Efecto Secundario"
    },
    "dose_adm": {
      "presentation": null,
      "messure": 400,
      "other": "400 MG/12 horas",
      "frecuency": "C12H"
    },
    "info": {
      "text": "LOPINAVIR/ RITONAVIR",
      "targa_short": "LPV+RTV",
      "brand": "KALETRA",
      "presentation": "200/50",
      "presentation_unit": "CAPS",
      "messure_unit": "MG",
      "atc": "J05AR10"
    }
  },
  {
    "drug_id": 32,
    "start_date": "2002-01-07",
    "end_date": "2006-06-06",
    "end_reason": {
      "code": "PHEND_ADVEF",
      "description": "Efecto Secundario"
    },
    "dose_adm": {
      "presentation": 1,
      "messure": null,
      "other": "1 C /12H",
      "frecuency": "C12H"
    },
    "info": {
      "text": "ABACAVIR/LAMIVUDINA/ZIDOVUDINA",
      "targa_short": "ABC+3TC+AZT",
      "brand": "TRIZIVIR",
      "presentation": "300/150/300",
      "presentation_unit": "COMP",
      "messure_unit": "MG",
      "atc": "J05AR04"
    }
  },
  {
    "drug_id": 11,
    "start_date": "2001-09-27",
    "end_date": "2002-03-11",
    "end_reason": {
      "code": "PHEND_ABAN",
      "description": "Abandono"
    },
    "dose_adm": {
      "presentation": null,
      "messure": 1250,
      "other": "1250mg/12h",
      "frecuency": "C12H"
    },
    "info": {
      "text": "NELFINAVIR",
      "targa_short": "NFV",
      "brand": "VIRACEPT",
      "presentation": "250,0",
      "presentation_unit": "COMP",
      "messure_unit": "MG",
      "atc": "J05AE04"
    }
  },
  {
    "drug_id": 8,
    "start_date": "2001-02-26",
    "end_date": "2001-09-27",
    "end_reason": {
      "code": "PHEND_ABAN",
      "description": "Abandono"
    },
    "dose_adm": {
      "presentation": null,
      "messure": 300,
      "other": "300 mg/12h",
      "frecuency": "C12H"
    },
    "info": {
      "text": "ABACAVIR",
      "targa_short": "ABC",
      "brand": "ZIAGEN",
      "presentation": "300,0",
      "presentation_unit": "COMP",
      "messure_unit": "MG",
      "atc": "J05AF06"
    }
  },
  {
    "drug_id": 7,
    "start_date": "2001-02-26",
    "end_date": "2001-11-12",
    "end_reason": {
      "code": "PHEND_UNK",
      "description": "Desconocido"
    },
    "dose_adm": {
      "presentation": null,
      "messure": 600,
      "other": "600 mg/24h",
      "frecuency": "C24H"
    },
    "info": {
      "text": "EFAVIRENZ",
      "targa_short": "EFV",
      "brand": "SUSTIVA",
      "presentation": "600,0",
      "presentation_unit": "COMP",
      "messure_unit": "MG",
      "atc": "J05AG03"
    }
  },
  {
    "drug_id": 1,
    "start_date": "2001-09-27",
    "end_date": "2001-11-12",
    "end_reason": {
      "code": "PHEND_ABAN",
      "description": "Abandono"
    },
    "dose_adm": {
      "presentation": null,
      "messure": 250,
      "other": "250 mg/12h",
      "frecuency": "C12H"
    },
    "info": {
      "text": "ZIDOVUDINA",
      "targa_short": "AZT",
      "brand": "RETROVIR",
      "presentation": "250,0",
      "presentation_unit": "COMP",
      "messure_unit": "MG",
      "atc": "J05AF01"
    }
  },
  {
    "drug_id": 4,
    "start_date": "2001-09-27",
    "end_date": "2001-11-12",
    "end_reason": {
      "code": "PHEND_ABAN",
      "description": "Abandono"
    },
    "dose_adm": {
      "presentation": null,
      "messure": 150,
      "other": "150 mg/12h",
      "frecuency": "C12H"
    },
    "info": {
      "text": "LAMIVUDINA",
      "targa_short": "3TC",
      "brand": "EPIVIR",
      "presentation": "150,0",
      "presentation_unit": "COMP",
      "messure_unit": "MG",
      "atc": "J05AF05"
    }
  },
  {
    "drug_id": 12,
    "start_date": "2001-07-02",
    "end_date": "2001-09-27",
    "end_reason": {
      "code": "PHEND_FAIL",
      "description": "Fracaso"
    },
    "dose_adm": {
      "presentation": null,
      "messure": 400,
      "other": "400 mg/12h",
      "frecuency": "C12H"
    },
    "info": {
      "text": "SAQUINAVIR",
      "targa_short": "SQV",
      "brand": "INVIRASE",
      "presentation": "200,0",
      "presentation_unit": "COMP",
      "messure_unit": "MG",
      "atc": "J05AE01"
    }
  },
  {
    "drug_id": 9,
    "start_date": "2001-07-02",
    "end_date": "2001-09-27",
    "end_reason": {
      "code": "PHEND_FAIL",
      "description": "Fracaso"
    },
    "dose_adm": {
      "presentation": null,
      "messure": 400,
      "other": "400 mg/12h",
      "frecuency": "C12H"
    },
    "info": {
      "text": "RITONAVIR",
      "targa_short": "RTV",
      "brand": "NORVIR",
      "presentation": "100,0",
      "presentation_unit": "COMP",
      "messure_unit": "MG",
      "atc": "J05AE03"
    }
  },
  {
    "drug_id": 5,
    "start_date": "2001-07-02",
    "end_date": "2001-09-27",
    "end_reason": {
      "code": "PHEND_FAIL",
      "description": "Fracaso"
    },
    "dose_adm": {
      "presentation": null,
      "messure": 40,
      "other": "40 mg/12h",
      "frecuency": "C12H"
    },
    "info": {
      "text": "ESTAVUDINA",
      "targa_short": "D4T",
      "brand": "ZERIT",
      "presentation": "40,0",
      "presentation_unit": "COMP",
      "messure_unit": "MG",
      "atc": "J05AF04"
    }
  },
  {
    "drug_id": 11,
    "start_date": "2001-02-26",
    "end_date": "2001-07-03",
    "end_reason": {
      "code": "PHEND_FAIL",
      "description": "Fracaso"
    },
    "dose_adm": {
      "presentation": null,
      "messure": 750,
      "other": "750 mg/8h",
      "frecuency": "C8H"
    },
    "info": {
      "text": "NELFINAVIR",
      "targa_short": "NFV",
      "brand": "VIRACEPT",
      "presentation": "250,0",
      "presentation_unit": "COMP",
      "messure_unit": "MG",
      "atc": "J05AE04"
    }
  },
  {
    "drug_id": 8,
    "start_date": "2001-02-26",
    "end_date": "2001-09-27",
    "end_reason": {
      "code": "PHEND_UNK",
      "description": "Desconocido"
    },
    "dose_adm": {
      "presentation": null,
      "messure": 300,
      "other": "300 mg/12h",
      "frecuency": "C12H"
    },
    "info": {
      "text": "ABACAVIR",
      "targa_short": "ABC",
      "brand": "ZIAGEN",
      "presentation": "300,0",
      "presentation_unit": "COMP",
      "messure_unit": "MG",
      "atc": "J05AF06"
    }
  },
  {
    "drug_id": 4,
    "start_date": "2001-02-26",
    "end_date": "2001-09-27",
    "end_reason": {
      "code": "PHEND_UNK",
      "description": "Desconocido"
    },
    "dose_adm": {
      "presentation": null,
      "messure": 150,
      "other": "150 mg/12h",
      "frecuency": "C12H"
    },
    "info": {
      "text": "LAMIVUDINA",
      "targa_short": "3TC",
      "brand": "EPIVIR",
      "presentation": "150,0",
      "presentation_unit": "COMP",
      "messure_unit": "MG",
      "atc": "J05AF05"
    }
  },
  {
    "drug_id": 1,
    "start_date": "2001-02-26",
    "end_date": "2001-07-03",
    "end_reason": {
      "code": "PHEND_FAIL",
      "description": "Fracaso"
    },
    "dose_adm": {
      "presentation": null,
      "messure": 250,
      "other": "250 mg/12h",
      "frecuency": "C12H"
    },
    "info": {
      "text": "ZIDOVUDINA",
      "targa_short": "AZT",
      "brand": "RETROVIR",
      "presentation": "250,0",
      "presentation_unit": "COMP",
      "messure_unit": "MG",
      "atc": "J05AF01"
    }
  },
  {
    "drug_id": 7,
    "start_date": "2000-02-15",
    "end_date": "2001-02-26",
    "end_reason": {
      "code": "PHEND_FAIL",
      "description": "Fracaso"
    },
    "dose_adm": {
      "presentation": null,
      "messure": 600,
      "other": "600 mg/24h",
      "frecuency": "C24H"
    },
    "info": {
      "text": "EFAVIRENZ",
      "targa_short": "EFV",
      "brand": "SUSTIVA",
      "presentation": "600,0",
      "presentation_unit": "COMP",
      "messure_unit": "MG",
      "atc": "J05AG03"
    }
  },
  {
    "drug_id": 154,
    "start_date": "1999-04-15",
    "end_date": "2000-02-15",
    "end_reason": {
      "code": "PHEND_UNK",
      "description": "Desconocido"
    },
    "dose_adm": {
      "presentation": null,
      "messure": 200,
      "other": "200 mg/12h",
      "frecuency": "C12H"
    },
    "info": {
      "text": "NEVIRAPINA",
      "targa_short": "NVP",
      "brand": "KERN PHARMA",
      "presentation": "200,0",
      "presentation_unit": "COMP",
      "messure_unit": "MG",
      "atc": "J05AG01"
    }
  },
  {
    "drug_id": 11,
    "start_date": "1998-10-15",
    "end_date": "2000-02-15",
    "end_reason": {
      "code": "PHEND_UNK",
      "description": "Desconocido"
    },
    "dose_adm": {
      "presentation": null,
      "messure": 750,
      "other": "750 mg/8h",
      "frecuency": "C8H"
    },
    "info": {
      "text": "NELFINAVIR",
      "targa_short": "NFV",
      "brand": "VIRACEPT",
      "presentation": "250,0",
      "presentation_unit": "COMP",
      "messure_unit": "MG",
      "atc": "J05AE04"
    }
  },
  {
    "drug_id": 3,
    "start_date": "1998-10-15",
    "end_date": "2001-02-26",
    "end_reason": {
      "code": "PHEND_MED",
      "description": "Criterio Médico"
    },
    "dose_adm": {
      "presentation": null,
      "messure": 150,
      "other": "150 mg/12h",
      "frecuency": "C12H"
    },
    "info": {
      "text": "DIDANOXINA",
      "targa_short": "DDI",
      "brand": "VIDEX",
      "presentation": "400,0",
      "presentation_unit": "CAPS",
      "messure_unit": "MG",
      "atc": "J05AF02"
    }
  },
  {
    "drug_id": 5,
    "start_date": "1998-10-15",
    "end_date": "2001-02-26",
    "end_reason": {
      "code": "PHEND_MED",
      "description": "Criterio Médico"
    },
    "dose_adm": {
      "presentation": null,
      "messure": 40,
      "other": "40 mg/12h",
      "frecuency": "C12H"
    },
    "info": {
      "text": "ESTAVUDINA",
      "targa_short": "D4T",
      "brand": "ZERIT",
      "presentation": "40,0",
      "presentation_unit": "COMP",
      "messure_unit": "MG",
      "atc": "J05AF04"
    }
  },
  {
    "drug_id": 9,
    "start_date": "1997-06-15",
    "end_date": "1998-10-15",
    "end_reason": {
      "code": "PHEND_FAIL",
      "description": "Fracaso"
    },
    "dose_adm": {
      "presentation": null,
      "messure": 600,
      "other": "600 mg/12h",
      "frecuency": "C12H"
    },
    "info": {
      "text": "RITONAVIR",
      "targa_short": "RTV",
      "brand": "NORVIR",
      "presentation": "100,0",
      "presentation_unit": "COMP",
      "messure_unit": "MG",
      "atc": "J05AE03"
    }
  },
  {
    "drug_id": 4,
    "start_date": "1997-03-15",
    "end_date": "1998-10-15",
    "end_reason": {
      "code": "PHEND_FAIL",
      "description": "Fracaso"
    },
    "dose_adm": {
      "presentation": null,
      "messure": 150,
      "other": "150 mg/12h",
      "frecuency": "C12H"
    },
    "info": {
      "text": "LAMIVUDINA",
      "targa_short": "3TC",
      "brand": "EPIVIR",
      "presentation": "150,0",
      "presentation_unit": "COMP",
      "messure_unit": "MG",
      "atc": "J05AF05"
    }
  },
  {
    "drug_id": 2,
    "start_date": "1996-02-15",
    "end_date": "1997-03-15",
    "end_reason": {
      "code": "PHEND_FAIL",
      "description": "Fracaso"
    },
    "dose_adm": {
      "presentation": null,
      "messure": null,
      "other": "0,75 mg/8 h",
      "frecuency": null
    },
    "info": {
      "text": "ZALCITABINA",
      "targa_short": "DDC",
      "brand": "HIVID",
      "presentation": "0.75",
      "presentation_unit": "COMP",
      "messure_unit": "MG",
      "atc": "J05AF03"
    }
  },
  {
    "drug_id": 1,
    "start_date": "1993-10-15",
    "end_date": "1997-06-15",
    "end_reason": {
      "code": "PHEND_FAIL",
      "description": "Fracaso"
    },
    "dose_adm": {
      "presentation": null,
      "messure": 250,
      "other": "250 mg/12h",
      "frecuency": "C12H"
    },
    "info": {
      "text": "ZIDOVUDINA",
      "targa_short": "AZT",
      "brand": "RETROVIR",
      "presentation": "250,0",
      "presentation_unit": "COMP",
      "messure_unit": "MG",
      "atc": "J05AF01"
    }
  },
  {
    "drug_id": 179,
    "start_date": "2021-02-23",
    "end_date": null,
    "end_reason": {
      "code": null,
      "description": null
    },
    "dose_adm": {
      "presentation": 1,
      "messure": null,
      "other": "1COMP DE",
      "frecuency": "DE"
    },
    "info": {
      "text": "BICTEGRAVIR/ EMTRICITABINA/ TENOFOVIR ALAFENAMIDA",
      "targa_short": "BIC+FTC+TAF",
      "brand": "BIKTARVY",
      "presentation": "50/200/25",
      "presentation_unit": "COMP",
      "messure_unit": "MG",
      "atc": "J05AR20"
    }
  },
  {
    "drug_id": 85,
    "start_date": "2017-09-09",
    "end_date": "2021-02-22",
    "end_reason": {
      "code": "PHEND_MEDINTER",
      "description": "Criterio Médico INTERACCIONES"
    },
    "dose_adm": {
      "presentation": 1,
      "messure": null,
      "other": "1COMP C/24 H",
      "frecuency": "C24H"
    },
    "info": {
      "text": "ABACAVIR SULFATE/ LAMIVUDINA",
      "targa_short": "ABC+3TC",
      "brand": "KIVEXA",
      "presentation": "600/300",
      "presentation_unit": "COMP",
      "messure_unit": "MG",
      "atc": "J05AR02"
    }
  }
]