[
  {
    "drug_id": 27,
    "start_date": "2008-04-24",
    "end_date": "2009-10-15",
    "end_reason": {
      "code": "PHEND_MEDOTHER",
      "description": "Criterio Médico OTRAS"
    },
    "dose_adm": {
      "presentation": 2,
      "messure": null,
      "other": "2 Comp./12h.",
      "frecuency": "C12H"
    },
    "info": {
      "text": "LOPINAVIR/ RITONAVIR",
      "targa_short": "LPV+RTV",
      "brand": "KALETRA",
      "presentation": "200/50",
      "presentation_unit": "CAPS",
      "messure_unit": "MG",
      "atc": "J05AR10"
    }
  },
  {
    "drug_id": 176,
    "start_date": "2019-01-30",
    "end_date": null,
    "end_reason": {
      "code": null,
      "description": null
    },
    "dose_adm": {
      "presentation": 1,
      "messure": null,
      "other": "1 comp/día",
      "frecuency": "DE"
    },
    "info": {
      "text": "DARUNAVIR/ COBICISTAT/ EMTRICITABINA/ TENOFOVIR ALAF.",
      "targa_short": "DRV+COBI+FTC+TAF",
      "brand": "SYMTUZA",
      "presentation": "800/150/200/10",
      "presentation_unit": "COMP",
      "messure_unit": "MG",
      "atc": "J05AR22"
    }
  },
  {
    "drug_id": 167,
    "start_date": "2016-03-02",
    "end_date": "2019-01-30",
    "end_reason": {
      "code": "PHEND_SIMP",
      "description": "Simplificación"
    },
    "dose_adm": {
      "presentation": 1,
      "messure": null,
      "other": "1 comp/día",
      "frecuency": "C24H"
    },
    "info": {
      "text": "DARUNAVIR/ COBICISTAT",
      "targa_short": "DRV+COBI",
      "brand": "REZOLSTA",
      "presentation": "800/150",
      "presentation_unit": "COMP",
      "messure_unit": "MG",
      "atc": "J05AR14"
    }
  },
  {
    "drug_id": 86,
    "start_date": "2016-03-02",
    "end_date": "2019-01-30",
    "end_reason": {
      "code": "PHEND_SIMP",
      "description": "Simplificación"
    },
    "dose_adm": {
      "presentation": 1,
      "messure": null,
      "other": "1 Comp./24h.",
      "frecuency": "C24H"
    },
    "info": {
      "text": "EMTRICITABINA/TENOFOVIR",
      "targa_short": "FTC+TDF",
      "brand": "TRUVADA",
      "presentation": "200/245",
      "presentation_unit": "COMP",
      "messure_unit": "MG",
      "atc": "J05AR03"
    }
  },
  {
    "drug_id": 27,
    "start_date": "2011-12-07",
    "end_date": "2012-05-08",
    "end_reason": {
      "code": "PHEND_LOST",
      "description": "Perdido Control"
    },
    "dose_adm": {
      "presentation": 2,
      "messure": null,
      "other": "2 Comp./12h.",
      "frecuency": "C12H"
    },
    "info": {
      "text": "LOPINAVIR/ RITONAVIR",
      "targa_short": "LPV+RTV",
      "brand": "KALETRA",
      "presentation": "200/50",
      "presentation_unit": "CAPS",
      "messure_unit": "MG",
      "atc": "J05AR10"
    }
  },
  {
    "drug_id": 24,
    "start_date": "2011-12-07",
    "end_date": "2012-05-08",
    "end_reason": {
      "code": "PHEND_LOST",
      "description": "Perdido Control"
    },
    "dose_adm": {
      "presentation": 1,
      "messure": null,
      "other": "1 Comp./12h.",
      "frecuency": "C12H"
    },
    "info": {
      "text": "LAMIVUDINA/ ZIDOVUDINA",
      "targa_short": "3TC+AZT",
      "brand": "COMBIVIR",
      "presentation": "150/300",
      "presentation_unit": "COMP",
      "messure_unit": "MG",
      "atc": "J05AR01"
    }
  },
  {
    "drug_id": 24,
    "start_date": "2008-04-24",
    "end_date": "2009-10-15",
    "end_reason": {
      "code": "PHEND_MEDOTHER",
      "description": "Criterio Médico OTRAS"
    },
    "dose_adm": {
      "presentation": 1,
      "messure": null,
      "other": "1 Comp./12h.",
      "frecuency": "C12H"
    },
    "info": {
      "text": "LAMIVUDINA/ ZIDOVUDINA",
      "targa_short": "3TC+AZT",
      "brand": "COMBIVIR",
      "presentation": "150/300",
      "presentation_unit": "COMP",
      "messure_unit": "MG",
      "atc": "J05AR01"
    }
  }
]