[
  {
    "drug_id": 86,
    "start_date": "2009-01-08",
    "end_date": "2009-03-06",
    "end_reason": {
      "code": "PHEND_ABAN",
      "description": "Abandono"
    },
    "dose_adm": {
      "presentation": 1,
      "messure": null,
      "other": "1 Comp./24h.",
      "frecuency": "C24H"
    },
    "info": {
      "text": "EMTRICITABINA/TENOFOVIR",
      "targa_short": "FTC+TDF",
      "brand": "TRUVADA",
      "presentation": "200/245",
      "presentation_unit": "COMP",
      "messure_unit": "MG",
      "atc": "J05AR03"
    }
  },
  {
    "drug_id": 86,
    "start_date": "2019-09-06",
    "end_date": "2021-10-10",
    "end_reason": {
      "code": "PHEND_SIMP",
      "description": "Simplificación"
    },
    "dose_adm": {
      "presentation": 1,
      "messure": null,
      "other": null,
      "frecuency": null
    },
    "info": {
      "text": "EMTRICITABINA/TENOFOVIR",
      "targa_short": "FTC+TDF",
      "brand": "TRUVADA",
      "presentation": "200/245",
      "presentation_unit": "COMP",
      "messure_unit": "MG",
      "atc": "J05AR03"
    }
  },
  {
    "drug_id": 167,
    "start_date": "2019-09-06",
    "end_date": "2021-10-10",
    "end_reason": {
      "code": "PHEND_SIMP",
      "description": "Simplificación"
    },
    "dose_adm": {
      "presentation": 1,
      "messure": null,
      "other": null,
      "frecuency": null
    },
    "info": {
      "text": "DARUNAVIR/ COBICISTAT",
      "targa_short": "DRV+COBI",
      "brand": "REZOLSTA",
      "presentation": "800/150",
      "presentation_unit": "COMP",
      "messure_unit": "MG",
      "atc": "J05AR14"
    }
  },
  {
    "drug_id": 176,
    "start_date": "2021-10-11",
    "end_date": null,
    "end_reason": {
      "code": null,
      "description": null
    },
    "dose_adm": {
      "presentation": 1,
      "messure": null,
      "other": null,
      "frecuency": "DE"
    },
    "info": {
      "text": "DARUNAVIR/ COBICISTAT/ EMTRICITABINA/ TENOFOVIR ALAF.",
      "targa_short": "DRV+COBI+FTC+TAF",
      "brand": "SYMTUZA",
      "presentation": "800/150/200/10",
      "presentation_unit": "COMP",
      "messure_unit": "MG",
      "atc": "J05AR22"
    }
  },
  {
    "drug_id": 176,
    "start_date": "2020-10-07",
    "end_date": "2021-10-10",
    "end_reason": {
      "code": "PHEND_MED",
      "description": "Criterio Médico"
    },
    "dose_adm": {
      "presentation": 1,
      "messure": null,
      "other": null,
      "frecuency": null
    },
    "info": {
      "text": "DARUNAVIR/ COBICISTAT/ EMTRICITABINA/ TENOFOVIR ALAF.",
      "targa_short": "DRV+COBI+FTC+TAF",
      "brand": "SYMTUZA",
      "presentation": "800/150/200/10",
      "presentation_unit": "COMP",
      "messure_unit": "MG",
      "atc": "J05AR22"
    }
  },
  {
    "drug_id": 167,
    "start_date": "2017-04-07",
    "end_date": "2020-10-07",
    "end_reason": {
      "code": "PHEND_SIMP",
      "description": "Simplificación"
    },
    "dose_adm": {
      "presentation": 1,
      "messure": null,
      "other": "1 comp/día",
      "frecuency": "C24H"
    },
    "info": {
      "text": "DARUNAVIR/ COBICISTAT",
      "targa_short": "DRV+COBI",
      "brand": "REZOLSTA",
      "presentation": "800/150",
      "presentation_unit": "COMP",
      "messure_unit": "MG",
      "atc": "J05AR14"
    }
  },
  {
    "drug_id": 86,
    "start_date": "2017-04-07",
    "end_date": "2020-10-07",
    "end_reason": {
      "code": "PHEND_SIMP",
      "description": "Simplificación"
    },
    "dose_adm": {
      "presentation": 1,
      "messure": null,
      "other": "1 Comp./24h.",
      "frecuency": "C24H"
    },
    "info": {
      "text": "EMTRICITABINA/TENOFOVIR",
      "targa_short": "FTC+TDF",
      "brand": "TRUVADA",
      "presentation": "200/245",
      "presentation_unit": "COMP",
      "messure_unit": "MG",
      "atc": "J05AR03"
    }
  },
  {
    "drug_id": 64,
    "start_date": "2011-04-08",
    "end_date": "2014-03-17",
    "end_reason": {
      "code": "PHEND_LOST",
      "description": "Perdido Control"
    },
    "dose_adm": {
      "presentation": 1,
      "messure": null,
      "other": "1 Comp./24h.",
      "frecuency": "C24H"
    },
    "info": {
      "text": "RITONAVIR",
      "targa_short": "RTV",
      "brand": "NORVIR",
      "presentation": "100,0",
      "presentation_unit": "COMP",
      "messure_unit": "MG",
      "atc": "J05AE03"
    }
  },
  {
    "drug_id": 139,
    "start_date": "2011-04-08",
    "end_date": "2014-03-17",
    "end_reason": {
      "code": "PHEND_LOST",
      "description": "Perdido Control"
    },
    "dose_adm": {
      "presentation": 1,
      "messure": null,
      "other": "1 COMP DIARIO",
      "frecuency": "C24H"
    },
    "info": {
      "text": "ATAZANAVIR",
      "targa_short": "ATZ",
      "brand": "REYATAZ",
      "presentation": "300,0",
      "presentation_unit": "CAPS",
      "messure_unit": "MG",
      "atc": "J05AE08"
    }
  },
  {
    "drug_id": 86,
    "start_date": "2011-04-08",
    "end_date": "2014-03-17",
    "end_reason": {
      "code": "PHEND_LOST",
      "description": "Perdido Control"
    },
    "dose_adm": {
      "presentation": 1,
      "messure": null,
      "other": "1 Comp./24h.",
      "frecuency": "C24H"
    },
    "info": {
      "text": "EMTRICITABINA/TENOFOVIR",
      "targa_short": "FTC+TDF",
      "brand": "TRUVADA",
      "presentation": "200/245",
      "presentation_unit": "COMP",
      "messure_unit": "MG",
      "atc": "J05AR03"
    }
  },
  {
    "drug_id": 86,
    "start_date": "2009-11-20",
    "end_date": "2011-01-07",
    "end_reason": {
      "code": "PHEND_ABAN",
      "description": "Abandono"
    },
    "dose_adm": {
      "presentation": 1,
      "messure": null,
      "other": "1 Comp./24h.",
      "frecuency": "C24H"
    },
    "info": {
      "text": "EMTRICITABINA/TENOFOVIR",
      "targa_short": "FTC+TDF",
      "brand": "TRUVADA",
      "presentation": "200/245",
      "presentation_unit": "COMP",
      "messure_unit": "MG",
      "atc": "J05AR03"
    }
  },
  {
    "drug_id": 64,
    "start_date": "2009-11-20",
    "end_date": "2011-01-07",
    "end_reason": {
      "code": "PHEND_ABAN",
      "description": "Abandono"
    },
    "dose_adm": {
      "presentation": 1,
      "messure": null,
      "other": "1 Comp./24h.",
      "frecuency": "C24H"
    },
    "info": {
      "text": "RITONAVIR",
      "targa_short": "RTV",
      "brand": "NORVIR",
      "presentation": "100,0",
      "presentation_unit": "COMP",
      "messure_unit": "MG",
      "atc": "J05AE03"
    }
  },
  {
    "drug_id": 139,
    "start_date": "2009-11-20",
    "end_date": "2011-01-07",
    "end_reason": {
      "code": "PHEND_ABAN",
      "description": "Abandono"
    },
    "dose_adm": {
      "presentation": 1,
      "messure": null,
      "other": "1 COMP DIARIO",
      "frecuency": "C24H"
    },
    "info": {
      "text": "ATAZANAVIR",
      "targa_short": "ATZ",
      "brand": "REYATAZ",
      "presentation": "300,0",
      "presentation_unit": "CAPS",
      "messure_unit": "MG",
      "atc": "J05AE08"
    }
  },
  {
    "drug_id": 64,
    "start_date": "2009-01-08",
    "end_date": "2009-03-06",
    "end_reason": {
      "code": "PHEND_ABAN",
      "description": "Abandono"
    },
    "dose_adm": {
      "presentation": 1,
      "messure": null,
      "other": "1 Comp./24h.",
      "frecuency": "C24H"
    },
    "info": {
      "text": "RITONAVIR",
      "targa_short": "RTV",
      "brand": "NORVIR",
      "presentation": "100,0",
      "presentation_unit": "COMP",
      "messure_unit": "MG",
      "atc": "J05AE03"
    }
  },
  {
    "drug_id": 41,
    "start_date": "2009-01-08",
    "end_date": "2009-03-06",
    "end_reason": {
      "code": "PHEND_ABAN",
      "description": "Abandono"
    },
    "dose_adm": {
      "presentation": 2,
      "messure": null,
      "other": "2 Comp./24h.",
      "frecuency": "C24H"
    },
    "info": {
      "text": "ATAZANAVIR",
      "targa_short": "ATZ",
      "brand": "REYATAZ",
      "presentation": "150,0",
      "presentation_unit": "CAPS",
      "messure_unit": "MG",
      "atc": "J05AE08"
    }
  }
]