[
  {
    "drug_id": 86,
    "start_date": "2013-07-17",
    "end_date": "2016-05-18",
    "end_reason": {
      "code": "PHEND_SIMP",
      "description": "Simplificación"
    },
    "dose_adm": {
      "presentation": 1,
      "messure": null,
      "other": "1 Comp./24h.",
      "frecuency": "C24H"
    },
    "info": {
      "text": "EMTRICITABINA/TENOFOVIR",
      "targa_short": "FTC+TDF",
      "brand": "TRUVADA",
      "presentation": "200/245",
      "presentation_unit": "COMP",
      "messure_unit": "MG",
      "atc": "J05AR03"
    }
  },
  {
    "drug_id": 166,
    "start_date": "2016-05-18",
    "end_date": null,
    "end_reason": {
      "code": null,
      "description": null
    },
    "dose_adm": {
      "presentation": 1,
      "messure": null,
      "other": "1 comp/día",
      "frecuency": "C24H"
    },
    "info": {
      "text": "DOLUTEGRAVIR/ ABACAVIR/ LAMIVUDINA",
      "targa_short": "DTG+ABV+3TC",
      "brand": "TRIUMEQ",
      "presentation": "50/600/300",
      "presentation_unit": "COMP",
      "messure_unit": "MG",
      "atc": "J05AR13"
    }
  },
  {
    "drug_id": 153,
    "start_date": "2013-10-09",
    "end_date": "2016-05-18",
    "end_reason": {
      "code": "PHEND_SIMP",
      "description": "Simplificación"
    },
    "dose_adm": {
      "presentation": 1,
      "messure": null,
      "other": "1 comp/24 h",
      "frecuency": "C24H"
    },
    "info": {
      "text": "DARUNAVIR",
      "targa_short": "DRV",
      "brand": "PREZISTA",
      "presentation": "800,0",
      "presentation_unit": "COMP",
      "messure_unit": "MG",
      "atc": "J05AE10"
    }
  },
  {
    "drug_id": 145,
    "start_date": "2013-07-17",
    "end_date": "2014-11-24",
    "end_reason": {
      "code": "PHEND_MED",
      "description": "Criterio Médico"
    },
    "dose_adm": {
      "presentation": null,
      "messure": null,
      "other": "mrvc/plac150/12",
      "frecuency": null
    },
    "info": {
      "text": "ENSAYO CLÍNICO",
      "targa_short": null,
      "brand": "ENSAYO CLÍNICO",
      "presentation": null,
      "presentation_unit": null,
      "messure_unit": null,
      "atc": null
    }
  },
  {
    "drug_id": 64,
    "start_date": "2013-07-17",
    "end_date": "2016-05-19",
    "end_reason": {
      "code": "PHEND_SIMP",
      "description": "Simplificación"
    },
    "dose_adm": {
      "presentation": 1,
      "messure": null,
      "other": "1 Comp./24h.",
      "frecuency": "C24H"
    },
    "info": {
      "text": "RITONAVIR",
      "targa_short": "RTV",
      "brand": "NORVIR",
      "presentation": "100,0",
      "presentation_unit": "COMP",
      "messure_unit": "MG",
      "atc": "J05AE03"
    }
  },
  {
    "drug_id": 142,
    "start_date": "2013-07-17",
    "end_date": "2013-10-09",
    "end_reason": {
      "code": "PHEND_SIMP",
      "description": "Simplificación"
    },
    "dose_adm": {
      "presentation": 2,
      "messure": null,
      "other": "2 comp/24h",
      "frecuency": "C24H"
    },
    "info": {
      "text": "DARUNAVIR",
      "targa_short": "DRV",
      "brand": "PREZISTA",
      "presentation": "400,0",
      "presentation_unit": "COMP",
      "messure_unit": "MG",
      "atc": "J05AE10"
    }
  }
]