[
  {
    "drug_id": 86,
    "start_date": "2010-06-08",
    "end_date": "2014-10-21",
    "end_reason": {
      "code": "PHEND_LOST",
      "description": "Perdido Control"
    },
    "dose_adm": {
      "presentation": 1,
      "messure": null,
      "other": "1 Comp./24h.",
      "frecuency": "C24H"
    },
    "info": {
      "text": "EMTRICITABINA/TENOFOVIR",
      "targa_short": "FTC+TDF",
      "brand": "TRUVADA",
      "presentation": "200/245",
      "presentation_unit": "COMP",
      "messure_unit": "MG",
      "atc": "J05AR03"
    }
  },
  {
    "drug_id": 86,
    "start_date": "2022-11-04",
    "end_date": "2025-09-04",
    "end_reason": {
      "code": "PHEND_MED",
      "description": "Criterio Médico"
    },
    "dose_adm": {
      "presentation": null,
      "messure": null,
      "other": null,
      "frecuency": null
    },
    "info": {
      "text": "EMTRICITABINA/TENOFOVIR",
      "targa_short": "FTC+TDF",
      "brand": "TRUVADA",
      "presentation": "200/245",
      "presentation_unit": "COMP",
      "messure_unit": "MG",
      "atc": "J05AR03"
    }
  },
  {
    "drug_id": 161,
    "start_date": "2022-11-03",
    "end_date": "2025-09-04",
    "end_reason": {
      "code": "PHEND_MED",
      "description": "Criterio Médico"
    },
    "dose_adm": {
      "presentation": null,
      "messure": null,
      "other": null,
      "frecuency": null
    },
    "info": {
      "text": "DOLUTEGRAVIR",
      "targa_short": "DOL",
      "brand": "TIVICAY",
      "presentation": "50,0",
      "presentation_unit": "COMP",
      "messure_unit": "MG",
      "atc": "J05AJ03"
    }
  },
  {
    "drug_id": 176,
    "start_date": "2024-11-15",
    "end_date": "2025-09-04",
    "end_reason": {
      "code": "PHEND_MED",
      "description": "Criterio Médico"
    },
    "dose_adm": {
      "presentation": null,
      "messure": null,
      "other": null,
      "frecuency": null
    },
    "info": {
      "text": "DARUNAVIR/ COBICISTAT/ EMTRICITABINA/ TENOFOVIR ALAF.",
      "targa_short": "DRV+COBI+FTC+TAF",
      "brand": "SYMTUZA",
      "presentation": "800/150/200/10",
      "presentation_unit": "COMP",
      "messure_unit": "MG",
      "atc": "J05AR22"
    }
  },
  {
    "drug_id": 185,
    "start_date": "2025-05-23",
    "end_date": null,
    "end_reason": {
      "code": null,
      "description": null
    },
    "dose_adm": {
      "presentation": null,
      "messure": 600,
      "other": null,
      "frecuency": "C2MESES"
    },
    "info": {
      "text": "CABOTEGRAVIR",
      "targa_short": "CAB",
      "brand": "VOCABRIA",
      "presentation": "600",
      "presentation_unit": "SUSP_INJ",
      "messure_unit": "MG",
      "atc": "J05AJ04"
    }
  },
  {
    "drug_id": 184,
    "start_date": "2025-05-23",
    "end_date": null,
    "end_reason": {
      "code": null,
      "description": null
    },
    "dose_adm": {
      "presentation": null,
      "messure": 900,
      "other": null,
      "frecuency": "C2MESES"
    },
    "info": {
      "text": "RILPIVIRINA",
      "targa_short": "RPV",
      "brand": "REKAMBYS",
      "presentation": "900",
      "presentation_unit": "SUSP_INJ",
      "messure_unit": "MG",
      "atc": "J05AG05"
    }
  },
  {
    "drug_id": 161,
    "start_date": "2022-11-03",
    "end_date": "2024-11-15",
    "end_reason": {
      "code": "PHEND_SIMP",
      "description": "Simplificación"
    },
    "dose_adm": {
      "presentation": 1,
      "messure": 50,
      "other": null,
      "frecuency": "CE"
    },
    "info": {
      "text": "DOLUTEGRAVIR",
      "targa_short": "DOL",
      "brand": "TIVICAY",
      "presentation": "50,0",
      "presentation_unit": "COMP",
      "messure_unit": "MG",
      "atc": "J05AJ03"
    }
  },
  {
    "drug_id": 86,
    "start_date": "2022-11-04",
    "end_date": "2024-11-15",
    "end_reason": {
      "code": "PHEND_SIMP",
      "description": "Simplificación"
    },
    "dose_adm": {
      "presentation": null,
      "messure": 50,
      "other": null,
      "frecuency": "DE"
    },
    "info": {
      "text": "EMTRICITABINA/TENOFOVIR",
      "targa_short": "FTC+TDF",
      "brand": "TRUVADA",
      "presentation": "200/245",
      "presentation_unit": "COMP",
      "messure_unit": "MG",
      "atc": "J05AR03"
    }
  },
  {
    "drug_id": 176,
    "start_date": "2018-06-21",
    "end_date": "2021-11-12",
    "end_reason": {
      "code": "PHEND_MEDINTER",
      "description": "Criterio Médico INTERACCIONES"
    },
    "dose_adm": {
      "presentation": 1,
      "messure": null,
      "other": null,
      "frecuency": null
    },
    "info": {
      "text": "DARUNAVIR/ COBICISTAT/ EMTRICITABINA/ TENOFOVIR ALAF.",
      "targa_short": "DRV+COBI+FTC+TAF",
      "brand": "SYMTUZA",
      "presentation": "800/150/200/10",
      "presentation_unit": "COMP",
      "messure_unit": "MG",
      "atc": "J05AR22"
    }
  },
  {
    "drug_id": 179,
    "start_date": "2021-11-13",
    "end_date": "2022-11-03",
    "end_reason": {
      "code": "PHEND_MEDOTHER",
      "description": "Criterio Médico OTRAS"
    },
    "dose_adm": {
      "presentation": 1,
      "messure": null,
      "other": null,
      "frecuency": "DE"
    },
    "info": {
      "text": "BICTEGRAVIR/ EMTRICITABINA/ TENOFOVIR ALAFENAMIDA",
      "targa_short": "BIC+FTC+TAF",
      "brand": "BIKTARVY",
      "presentation": "50/200/25",
      "presentation_unit": "COMP",
      "messure_unit": "MG",
      "atc": "J05AR20"
    }
  },
  {
    "drug_id": 64,
    "start_date": "2007-01-09",
    "end_date": "2010-06-10",
    "end_reason": {
      "code": "PHEND_RESTRAN",
      "description": "Cambio Residencia"
    },
    "dose_adm": {
      "presentation": 1,
      "messure": null,
      "other": "1 Comp./24h.",
      "frecuency": "C24H"
    },
    "info": {
      "text": "RITONAVIR",
      "targa_short": "RTV",
      "brand": "NORVIR",
      "presentation": "100,0",
      "presentation_unit": "COMP",
      "messure_unit": "MG",
      "atc": "J05AE03"
    }
  },
  {
    "drug_id": 41,
    "start_date": "2007-01-09",
    "end_date": "2010-06-10",
    "end_reason": {
      "code": "PHEND_RESTRAN",
      "description": "Cambio Residencia"
    },
    "dose_adm": {
      "presentation": 2,
      "messure": null,
      "other": "2 Comp./24h.",
      "frecuency": "C24H"
    },
    "info": {
      "text": "ATAZANAVIR",
      "targa_short": "ATZ",
      "brand": "REYATAZ",
      "presentation": "150,0",
      "presentation_unit": "CAPS",
      "messure_unit": "MG",
      "atc": "J05AE08"
    }
  },
  {
    "drug_id": 86,
    "start_date": "2007-01-09",
    "end_date": "2010-06-10",
    "end_reason": {
      "code": "PHEND_RESTRAN",
      "description": "Cambio Residencia"
    },
    "dose_adm": {
      "presentation": 1,
      "messure": null,
      "other": "1 Comp./24h.",
      "frecuency": "C24H"
    },
    "info": {
      "text": "EMTRICITABINA/TENOFOVIR",
      "targa_short": "FTC+TDF",
      "brand": "TRUVADA",
      "presentation": "200/245",
      "presentation_unit": "COMP",
      "messure_unit": "MG",
      "atc": "J05AR03"
    }
  },
  {
    "drug_id": 27,
    "start_date": "2005-04-12",
    "end_date": "2006-04-15",
    "end_reason": {
      "code": "PHEND_ADVEF",
      "description": "Efecto Secundario"
    },
    "dose_adm": {
      "presentation": null,
      "messure": 400,
      "other": "400 MG/12 horas",
      "frecuency": "C12H"
    },
    "info": {
      "text": "LOPINAVIR/ RITONAVIR",
      "targa_short": "LPV+RTV",
      "brand": "KALETRA",
      "presentation": "200/50",
      "presentation_unit": "CAPS",
      "messure_unit": "MG",
      "atc": "J05AR10"
    }
  },
  {
    "drug_id": 7,
    "start_date": "2005-03-15",
    "end_date": "2005-04-12",
    "end_reason": {
      "code": "PHEND_ADVEF",
      "description": "Efecto Secundario"
    },
    "dose_adm": {
      "presentation": null,
      "messure": 600,
      "other": "600 mg/24h",
      "frecuency": "C24H"
    },
    "info": {
      "text": "EFAVIRENZ",
      "targa_short": "EFV",
      "brand": "SUSTIVA",
      "presentation": "600,0",
      "presentation_unit": "COMP",
      "messure_unit": "MG",
      "atc": "J05AG03"
    }
  },
  {
    "drug_id": 31,
    "start_date": "2005-03-15",
    "end_date": "2006-04-15",
    "end_reason": {
      "code": "PHEND_ABAN",
      "description": "Abandono"
    },
    "dose_adm": {
      "presentation": null,
      "messure": 300,
      "other": "300mg/24h",
      "frecuency": "C24H"
    },
    "info": {
      "text": "TENOFOVIR",
      "targa_short": "TDF",
      "brand": "VIREAD",
      "presentation": "300,0",
      "presentation_unit": "COMP",
      "messure_unit": "MG",
      "atc": "J05AF07"
    }
  },
  {
    "drug_id": 40,
    "start_date": "2005-03-15",
    "end_date": "2006-04-15",
    "end_reason": {
      "code": "PHEND_ABAN",
      "description": "Abandono"
    },
    "dose_adm": {
      "presentation": null,
      "messure": 300,
      "other": "300mg/24h",
      "frecuency": "C24H"
    },
    "info": {
      "text": "LAMIVUDINA",
      "targa_short": "3TC",
      "brand": "EPIVIR",
      "presentation": "300,0",
      "presentation_unit": "COMP",
      "messure_unit": "MG",
      "atc": "J05AF05"
    }
  },
  {
    "drug_id": 170,
    "start_date": "2017-07-20",
    "end_date": "2018-06-21",
    "end_reason": {
      "code": "PHEND_SIMP",
      "description": "Simplificación"
    },
    "dose_adm": {
      "presentation": null,
      "messure": null,
      "other": " 1 comp/día",
      "frecuency": null
    },
    "info": {
      "text": "EMTRICITABINA/ TENOFOVIR ALAFENAMIDA",
      "targa_short": "FTC+TAF",
      "brand": "DESCOVY",
      "presentation": "200/10",
      "presentation_unit": "COMP",
      "messure_unit": "MG",
      "atc": "J05AR17"
    }
  },
  {
    "drug_id": 167,
    "start_date": "2016-11-04",
    "end_date": "2018-06-21",
    "end_reason": {
      "code": "PHEND_SIMP",
      "description": "Simplificación"
    },
    "dose_adm": {
      "presentation": 1,
      "messure": null,
      "other": "1 comp/día",
      "frecuency": "C24H"
    },
    "info": {
      "text": "DARUNAVIR/ COBICISTAT",
      "targa_short": "DRV+COBI",
      "brand": "REZOLSTA",
      "presentation": "800/150",
      "presentation_unit": "COMP",
      "messure_unit": "MG",
      "atc": "J05AR14"
    }
  },
  {
    "drug_id": 139,
    "start_date": "2010-06-08",
    "end_date": "2014-10-21",
    "end_reason": {
      "code": "PHEND_LOST",
      "description": "Perdido Control"
    },
    "dose_adm": {
      "presentation": null,
      "messure": null,
      "other": null,
      "frecuency": null
    },
    "info": {
      "text": "ATAZANAVIR",
      "targa_short": "ATZ",
      "brand": "REYATAZ",
      "presentation": "300,0",
      "presentation_unit": "CAPS",
      "messure_unit": "MG",
      "atc": "J05AE08"
    }
  },
  {
    "drug_id": 64,
    "start_date": "2010-06-08",
    "end_date": "2014-10-21",
    "end_reason": {
      "code": "PHEND_LOST",
      "description": "Perdido Control"
    },
    "dose_adm": {
      "presentation": 1,
      "messure": null,
      "other": "1 Comp./24h.",
      "frecuency": "C24H"
    },
    "info": {
      "text": "RITONAVIR",
      "targa_short": "RTV",
      "brand": "NORVIR",
      "presentation": "100,0",
      "presentation_unit": "COMP",
      "messure_unit": "MG",
      "atc": "J05AE03"
    }
  }
]