[
  {
    "drug_id": 3,
    "start_date": "2002-08-07",
    "end_date": "2003-06-23",
    "end_reason": {
      "code": "PHEND_FAIL",
      "description": "Fracaso"
    },
    "dose_adm": {
      "presentation": null,
      "messure": 400,
      "other": "400mg/12h",
      "frecuency": "C12H"
    },
    "info": {
      "text": "DIDANOXINA",
      "targa_short": "DDI",
      "brand": "VIDEX",
      "presentation": "400,0",
      "presentation_unit": "CAPS",
      "messure_unit": "MG",
      "atc": "J05AF02"
    }
  },
  {
    "drug_id": 161,
    "start_date": "2021-02-25",
    "end_date": null,
    "end_reason": {
      "code": null,
      "description": null
    },
    "dose_adm": {
      "presentation": null,
      "messure": 50,
      "other": null,
      "frecuency": "ACE"
    },
    "info": {
      "text": "DOLUTEGRAVIR",
      "targa_short": "DOL",
      "brand": "TIVICAY",
      "presentation": "50,0",
      "presentation_unit": "COMP",
      "messure_unit": "MG",
      "atc": "J05AJ03"
    }
  },
  {
    "drug_id": 167,
    "start_date": "2016-06-16",
    "end_date": null,
    "end_reason": {
      "code": null,
      "description": null
    },
    "dose_adm": {
      "presentation": 1,
      "messure": null,
      "other": "1 comp/día",
      "frecuency": "C24H"
    },
    "info": {
      "text": "DARUNAVIR/ COBICISTAT",
      "targa_short": "DRV+COBI",
      "brand": "REZOLSTA",
      "presentation": "800/150",
      "presentation_unit": "COMP",
      "messure_unit": "MG",
      "atc": "J05AR14"
    }
  },
  {
    "drug_id": 94,
    "start_date": "2014-09-25",
    "end_date": "2021-02-25",
    "end_reason": {
      "code": "PHEND_SIMP",
      "description": "Simplificación"
    },
    "dose_adm": {
      "presentation": 1,
      "messure": null,
      "other": "1 comp./12 h.",
      "frecuency": "C12H"
    },
    "info": {
      "text": "RALTEGRAVIR ",
      "targa_short": "RAL",
      "brand": "ISSENTRESS",
      "presentation": "400,0",
      "presentation_unit": "COMP",
      "messure_unit": "MG",
      "atc": "J05AJ01"
    }
  },
  {
    "drug_id": 64,
    "start_date": "2014-09-25",
    "end_date": "2016-06-17",
    "end_reason": {
      "code": "PHEND_SIMP",
      "description": "Simplificación"
    },
    "dose_adm": {
      "presentation": 1,
      "messure": null,
      "other": "1 Comp./24h.",
      "frecuency": "C24H"
    },
    "info": {
      "text": "RITONAVIR",
      "targa_short": "RTV",
      "brand": "NORVIR",
      "presentation": "100,0",
      "presentation_unit": "COMP",
      "messure_unit": "MG",
      "atc": "J05AE03"
    }
  },
  {
    "drug_id": 153,
    "start_date": "2014-09-25",
    "end_date": "2016-06-17",
    "end_reason": {
      "code": "PHEND_SIMP",
      "description": "Simplificación"
    },
    "dose_adm": {
      "presentation": 1,
      "messure": null,
      "other": "1 comp/24 h",
      "frecuency": "C24H"
    },
    "info": {
      "text": "DARUNAVIR",
      "targa_short": "DRV",
      "brand": "PREZISTA",
      "presentation": "800,0",
      "presentation_unit": "COMP",
      "messure_unit": "MG",
      "atc": "J05AE10"
    }
  },
  {
    "drug_id": 64,
    "start_date": "2013-03-11",
    "end_date": "2014-09-25",
    "end_reason": {
      "code": "PHEND_FAIL",
      "description": "Fracaso"
    },
    "dose_adm": {
      "presentation": 1,
      "messure": null,
      "other": "1 Comp./24h.",
      "frecuency": "C24H"
    },
    "info": {
      "text": "RITONAVIR",
      "targa_short": "RTV",
      "brand": "NORVIR",
      "presentation": "100,0",
      "presentation_unit": "COMP",
      "messure_unit": "MG",
      "atc": "J05AE03"
    }
  },
  {
    "drug_id": 139,
    "start_date": "2013-03-11",
    "end_date": "2014-09-25",
    "end_reason": {
      "code": "PHEND_FAIL",
      "description": "Fracaso"
    },
    "dose_adm": {
      "presentation": 1,
      "messure": null,
      "other": "1 COMP DIARIO",
      "frecuency": "C24H"
    },
    "info": {
      "text": "ATAZANAVIR",
      "targa_short": "ATZ",
      "brand": "REYATAZ",
      "presentation": "300,0",
      "presentation_unit": "CAPS",
      "messure_unit": "MG",
      "atc": "J05AE08"
    }
  },
  {
    "drug_id": 86,
    "start_date": "2013-03-11",
    "end_date": "2014-09-25",
    "end_reason": {
      "code": "PHEND_FAIL",
      "description": "Fracaso"
    },
    "dose_adm": {
      "presentation": 1,
      "messure": null,
      "other": "1 Comp./24h.",
      "frecuency": "C24H"
    },
    "info": {
      "text": "EMTRICITABINA/TENOFOVIR",
      "targa_short": "FTC+TDF",
      "brand": "TRUVADA",
      "presentation": "200/245",
      "presentation_unit": "COMP",
      "messure_unit": "MG",
      "atc": "J05AR03"
    }
  },
  {
    "drug_id": 65,
    "start_date": "2006-01-12",
    "end_date": "2013-03-11",
    "end_reason": {
      "code": "PHEND_SIMP",
      "description": "Simplificación"
    },
    "dose_adm": {
      "presentation": 2,
      "messure": null,
      "other": "2 Comp./24h.",
      "frecuency": "C24H"
    },
    "info": {
      "text": "ATAZANAVIR",
      "targa_short": "ATZ",
      "brand": "REYATAZ",
      "presentation": "200,0",
      "presentation_unit": "CAPS",
      "messure_unit": "MG",
      "atc": "J05AE08"
    }
  },
  {
    "drug_id": 24,
    "start_date": "2006-01-12",
    "end_date": "2013-03-11",
    "end_reason": {
      "code": "PHEND_SIMP",
      "description": "Simplificación"
    },
    "dose_adm": {
      "presentation": 1,
      "messure": null,
      "other": "1 Comp./12h.",
      "frecuency": "C12H"
    },
    "info": {
      "text": "LAMIVUDINA/ ZIDOVUDINA",
      "targa_short": "3TC+AZT",
      "brand": "COMBIVIR",
      "presentation": "150/300",
      "presentation_unit": "COMP",
      "messure_unit": "MG",
      "atc": "J05AR01"
    }
  },
  {
    "drug_id": 64,
    "start_date": "2005-01-27",
    "end_date": "2005-11-14",
    "end_reason": {
      "code": "PHEND_ADVEF",
      "description": "Efecto Secundario"
    },
    "dose_adm": {
      "presentation": 1,
      "messure": null,
      "other": "1 Comp./24h.",
      "frecuency": "C24H"
    },
    "info": {
      "text": "RITONAVIR",
      "targa_short": "RTV",
      "brand": "NORVIR",
      "presentation": "100,0",
      "presentation_unit": "COMP",
      "messure_unit": "MG",
      "atc": "J05AE03"
    }
  },
  {
    "drug_id": 41,
    "start_date": "2005-01-27",
    "end_date": "2005-11-14",
    "end_reason": {
      "code": "PHEND_ADVEF",
      "description": "Efecto Secundario"
    },
    "dose_adm": {
      "presentation": null,
      "messure": null,
      "other": null,
      "frecuency": null
    },
    "info": {
      "text": "ATAZANAVIR",
      "targa_short": "ATZ",
      "brand": "REYATAZ",
      "presentation": "150,0",
      "presentation_unit": "CAPS",
      "messure_unit": "MG",
      "atc": "J05AE08"
    }
  },
  {
    "drug_id": 5,
    "start_date": "2003-06-23",
    "end_date": "2005-11-14",
    "end_reason": {
      "code": "PHEND_MED",
      "description": "Criterio Médico"
    },
    "dose_adm": {
      "presentation": null,
      "messure": 40,
      "other": "40 mg/12h",
      "frecuency": "C12H"
    },
    "info": {
      "text": "ESTAVUDINA",
      "targa_short": "D4T",
      "brand": "ZERIT",
      "presentation": "40,0",
      "presentation_unit": "COMP",
      "messure_unit": "MG",
      "atc": "J05AF04"
    }
  },
  {
    "drug_id": 27,
    "start_date": "2003-06-23",
    "end_date": "2005-01-27",
    "end_reason": {
      "code": "PHEND_ADVEF",
      "description": "Efecto Secundario"
    },
    "dose_adm": {
      "presentation": null,
      "messure": 400,
      "other": "400 MG/12 horas",
      "frecuency": "C12H"
    },
    "info": {
      "text": "LOPINAVIR/ RITONAVIR",
      "targa_short": "LPV+RTV",
      "brand": "KALETRA",
      "presentation": "200/50",
      "presentation_unit": "CAPS",
      "messure_unit": "MG",
      "atc": "J05AR10"
    }
  },
  {
    "drug_id": 31,
    "start_date": "2003-05-19",
    "end_date": "2005-11-14",
    "end_reason": {
      "code": "PHEND_UNK",
      "description": "Desconocido"
    },
    "dose_adm": {
      "presentation": null,
      "messure": 300,
      "other": "300mg/24h",
      "frecuency": "C24H"
    },
    "info": {
      "text": "TENOFOVIR",
      "targa_short": "TDF",
      "brand": "VIREAD",
      "presentation": "300,0",
      "presentation_unit": "COMP",
      "messure_unit": "MG",
      "atc": "J05AF07"
    }
  },
  {
    "drug_id": 7,
    "start_date": "2002-08-07",
    "end_date": "2003-05-19",
    "end_reason": {
      "code": "PHEND_ADVEF",
      "description": "Efecto Secundario"
    },
    "dose_adm": {
      "presentation": null,
      "messure": 600,
      "other": "600 mg/24h",
      "frecuency": "C24H"
    },
    "info": {
      "text": "EFAVIRENZ",
      "targa_short": "EFV",
      "brand": "SUSTIVA",
      "presentation": "600,0",
      "presentation_unit": "COMP",
      "messure_unit": "MG",
      "atc": "J05AG03"
    }
  },
  {
    "drug_id": 4,
    "start_date": "2002-08-07",
    "end_date": "2003-06-23",
    "end_reason": {
      "code": "PHEND_FAIL",
      "description": "Fracaso"
    },
    "dose_adm": {
      "presentation": null,
      "messure": 150,
      "other": "150 mg/12h",
      "frecuency": "C12H"
    },
    "info": {
      "text": "LAMIVUDINA",
      "targa_short": "3TC",
      "brand": "EPIVIR",
      "presentation": "150,0",
      "presentation_unit": "COMP",
      "messure_unit": "MG",
      "atc": "J05AF05"
    }
  }
]