[
  {
    "drug_id": 1,
    "start_date": "1997-06-15",
    "end_date": "2008-05-21",
    "end_reason": {
      "code": "PHEND_FAIL",
      "description": "Fracaso"
    },
    "dose_adm": {
      "presentation": null,
      "messure": 250,
      "other": "250 mg/12h",
      "frecuency": "C12H"
    },
    "info": {
      "text": "ZIDOVUDINA",
      "targa_short": "AZT",
      "brand": "RETROVIR",
      "presentation": "250,0",
      "presentation_unit": "COMP",
      "messure_unit": "MG",
      "atc": "J05AF01"
    }
  },
  {
    "drug_id": 169,
    "start_date": "2021-04-14",
    "end_date": "2022-11-02",
    "end_reason": {
      "code": "PHEND_MED",
      "description": "Criterio Médico"
    },
    "dose_adm": {
      "presentation": 1,
      "messure": null,
      "other": null,
      "frecuency": null
    },
    "info": {
      "text": "ELVITEGRAVIR/ COBICISTAT/ EMTRICITABINA/ TENOFOVIR ALAF.",
      "targa_short": "EVG+COBI+FTC+TAF",
      "brand": "GENVOYA",
      "presentation": "150/150/200/10",
      "presentation_unit": "COMP",
      "messure_unit": "MG",
      "atc": "J05AR18"
    }
  },
  {
    "drug_id": 179,
    "start_date": "2022-11-03",
    "end_date": null,
    "end_reason": {
      "code": null,
      "description": null
    },
    "dose_adm": {
      "presentation": 1,
      "messure": null,
      "other": null,
      "frecuency": "DE"
    },
    "info": {
      "text": "BICTEGRAVIR/ EMTRICITABINA/ TENOFOVIR ALAFENAMIDA",
      "targa_short": "BIC+FTC+TAF",
      "brand": "BIKTARVY",
      "presentation": "50/200/25",
      "presentation_unit": "COMP",
      "messure_unit": "MG",
      "atc": "J05AR20"
    }
  },
  {
    "drug_id": 179,
    "start_date": "2020-10-28",
    "end_date": "2021-04-14",
    "end_reason": {
      "code": "PHEND_ADVEF",
      "description": "Efecto Secundario"
    },
    "dose_adm": {
      "presentation": 1,
      "messure": null,
      "other": "1 comp/día",
      "frecuency": "C24H"
    },
    "info": {
      "text": "BICTEGRAVIR/ EMTRICITABINA/ TENOFOVIR ALAFENAMIDA",
      "targa_short": "BIC+FTC+TAF",
      "brand": "BIKTARVY",
      "presentation": "50/200/25",
      "presentation_unit": "COMP",
      "messure_unit": "MG",
      "atc": "J05AR20"
    }
  },
  {
    "drug_id": 169,
    "start_date": "2016-11-08",
    "end_date": "2020-10-28",
    "end_reason": {
      "code": "PHEND_MED",
      "description": "Criterio Médico"
    },
    "dose_adm": {
      "presentation": 1,
      "messure": null,
      "other": "1 comp/día",
      "frecuency": "C24H"
    },
    "info": {
      "text": "ELVITEGRAVIR/ COBICISTAT/ EMTRICITABINA/ TENOFOVIR ALAF.",
      "targa_short": "EVG+COBI+FTC+TAF",
      "brand": "GENVOYA",
      "presentation": "150/150/200/10",
      "presentation_unit": "COMP",
      "messure_unit": "MG",
      "atc": "J05AR18"
    }
  },
  {
    "drug_id": 155,
    "start_date": "2015-03-10",
    "end_date": "2016-11-08",
    "end_reason": {
      "code": "PHEND_MED",
      "description": "Criterio Médico"
    },
    "dose_adm": {
      "presentation": 1,
      "messure": null,
      "other": "1 comp/diario",
      "frecuency": "C24H"
    },
    "info": {
      "text": "ELVITEGRAVIR/ COBICISTAT/ EMTRICITABINA/ TENOFOVIR DF.",
      "targa_short": "EVG+COBI+TDF+FTC",
      "brand": "STRIBILD ",
      "presentation": "150/150/200/245",
      "presentation_unit": "COMP",
      "messure_unit": "MG",
      "atc": "J05AR09"
    }
  },
  {
    "drug_id": 27,
    "start_date": "2008-05-21",
    "end_date": "2015-03-10",
    "end_reason": {
      "code": "PHEND_SIMP",
      "description": "Simplificación"
    },
    "dose_adm": {
      "presentation": 2,
      "messure": null,
      "other": "2 Comp./12h.",
      "frecuency": "C12H"
    },
    "info": {
      "text": "LOPINAVIR/ RITONAVIR",
      "targa_short": "LPV+RTV",
      "brand": "KALETRA",
      "presentation": "200/50",
      "presentation_unit": "CAPS",
      "messure_unit": "MG",
      "atc": "J05AR10"
    }
  },
  {
    "drug_id": 86,
    "start_date": "2008-05-21",
    "end_date": "2015-03-10",
    "end_reason": {
      "code": "PHEND_SIMP",
      "description": "Simplificación"
    },
    "dose_adm": {
      "presentation": 1,
      "messure": null,
      "other": "1 Comp./24h.",
      "frecuency": "C24H"
    },
    "info": {
      "text": "EMTRICITABINA/TENOFOVIR",
      "targa_short": "FTC+TDF",
      "brand": "TRUVADA",
      "presentation": "200/245",
      "presentation_unit": "COMP",
      "messure_unit": "MG",
      "atc": "J05AR03"
    }
  },
  {
    "drug_id": 154,
    "start_date": "2006-03-07",
    "end_date": "2008-05-21",
    "end_reason": {
      "code": "PHEND_FAIL",
      "description": "Fracaso"
    },
    "dose_adm": {
      "presentation": 1,
      "messure": null,
      "other": "1 Comp./12h.",
      "frecuency": "C12H"
    },
    "info": {
      "text": "NEVIRAPINA",
      "targa_short": "NVP",
      "brand": "KERN PHARMA",
      "presentation": "200,0",
      "presentation_unit": "COMP",
      "messure_unit": "MG",
      "atc": "J05AG01"
    }
  },
  {
    "drug_id": 31,
    "start_date": "2006-03-07",
    "end_date": "2006-07-03",
    "end_reason": {
      "code": "PHEND_MEDOTHER",
      "description": "Criterio Médico OTRAS"
    },
    "dose_adm": {
      "presentation": 1,
      "messure": null,
      "other": "1 Comp/24h.",
      "frecuency": "C24H"
    },
    "info": {
      "text": "TENOFOVIR",
      "targa_short": "TDF",
      "brand": "VIREAD",
      "presentation": "300,0",
      "presentation_unit": "COMP",
      "messure_unit": "MG",
      "atc": "J05AF07"
    }
  },
  {
    "drug_id": 39,
    "start_date": "2005-07-06",
    "end_date": "2008-05-21",
    "end_reason": {
      "code": "PHEND_FAIL",
      "description": "Fracaso"
    },
    "dose_adm": {
      "presentation": 1,
      "messure": null,
      "other": "1 Comp./24h.",
      "frecuency": "C24H"
    },
    "info": {
      "text": "DIDANOXINA",
      "targa_short": "DDI",
      "brand": "VIDEX",
      "presentation": "250,0",
      "presentation_unit": "COMP",
      "messure_unit": "MG",
      "atc": "J05AF02"
    }
  },
  {
    "drug_id": 31,
    "start_date": "2003-10-28",
    "end_date": "2006-02-22",
    "end_reason": {
      "code": "PHEND_MEDINTER",
      "description": "Criterio Médico INTERACCIONES"
    },
    "dose_adm": {
      "presentation": null,
      "messure": 300,
      "other": "300mg/24h",
      "frecuency": "C24H"
    },
    "info": {
      "text": "TENOFOVIR",
      "targa_short": "TDF",
      "brand": "VIREAD",
      "presentation": "300,0",
      "presentation_unit": "COMP",
      "messure_unit": "MG",
      "atc": "J05AF07"
    }
  },
  {
    "drug_id": 3,
    "start_date": "2003-10-28",
    "end_date": "2005-06-07",
    "end_reason": {
      "code": "PHEND_MED",
      "description": "Criterio Médico"
    },
    "dose_adm": {
      "presentation": null,
      "messure": 400,
      "other": "400mg/12h",
      "frecuency": "C12H"
    },
    "info": {
      "text": "DIDANOXINA",
      "targa_short": "DDI",
      "brand": "VIDEX",
      "presentation": "400,0",
      "presentation_unit": "CAPS",
      "messure_unit": "MG",
      "atc": "J05AF02"
    }
  },
  {
    "drug_id": 11,
    "start_date": "1997-06-15",
    "end_date": "2003-10-28",
    "end_reason": {
      "code": "PHEND_FAIL",
      "description": "Fracaso"
    },
    "dose_adm": {
      "presentation": null,
      "messure": 1250,
      "other": "1250mg/12h",
      "frecuency": "C12H"
    },
    "info": {
      "text": "NELFINAVIR",
      "targa_short": "NFV",
      "brand": "VIRACEPT",
      "presentation": "250,0",
      "presentation_unit": "COMP",
      "messure_unit": "MG",
      "atc": "J05AE04"
    }
  },
  {
    "drug_id": 4,
    "start_date": "1997-06-15",
    "end_date": "2003-10-28",
    "end_reason": {
      "code": "PHEND_FAIL",
      "description": "Fracaso"
    },
    "dose_adm": {
      "presentation": null,
      "messure": 150,
      "other": "150 mg/12h",
      "frecuency": "C12H"
    },
    "info": {
      "text": "LAMIVUDINA",
      "targa_short": "3TC",
      "brand": "EPIVIR",
      "presentation": "150,0",
      "presentation_unit": "COMP",
      "messure_unit": "MG",
      "atc": "J05AF05"
    }
  }
]