[
  {
    "drug_id": 100,
    "start_date": "2009-05-19",
    "end_date": "2010-01-28",
    "end_reason": {
      "code": "PHEND_ABAN",
      "description": "Abandono"
    },
    "dose_adm": {
      "presentation": 1,
      "messure": null,
      "other": "1 Comp./24h.",
      "frecuency": "C24H"
    },
    "info": {
      "text": "EFAVIRENZ/ EMTRICITABINA/ TENOFOVIR DF.",
      "targa_short": "EFV+FTC+TDF",
      "brand": "ATRIPLA",
      "presentation": "600/200/245",
      "presentation_unit": "COMP",
      "messure_unit": "MG",
      "atc": "J05AR06"
    }
  },
  {
    "drug_id": 179,
    "start_date": "2021-04-26",
    "end_date": null,
    "end_reason": {
      "code": null,
      "description": null
    },
    "dose_adm": {
      "presentation": 1,
      "messure": null,
      "other": "1 comp/día",
      "frecuency": "DE"
    },
    "info": {
      "text": "BICTEGRAVIR/ EMTRICITABINA/ TENOFOVIR ALAFENAMIDA",
      "targa_short": "BIC+FTC+TAF",
      "brand": "BIKTARVY",
      "presentation": "50/200/25",
      "presentation_unit": "COMP",
      "messure_unit": "MG",
      "atc": "J05AR20"
    }
  },
  {
    "drug_id": 176,
    "start_date": "2020-11-04",
    "end_date": "2021-04-26",
    "end_reason": {
      "code": "PHEND_ADVEF",
      "description": "Efecto Secundario"
    },
    "dose_adm": {
      "presentation": 1,
      "messure": null,
      "other": "1 comp/día",
      "frecuency": "C24H"
    },
    "info": {
      "text": "DARUNAVIR/ COBICISTAT/ EMTRICITABINA/ TENOFOVIR ALAF.",
      "targa_short": "DRV+COBI+FTC+TAF",
      "brand": "SYMTUZA",
      "presentation": "800/150/200/10",
      "presentation_unit": "COMP",
      "messure_unit": "MG",
      "atc": "J05AR22"
    }
  },
  {
    "drug_id": 166,
    "start_date": "2016-01-19",
    "end_date": "2019-08-15",
    "end_reason": {
      "code": "PHEND_ABAN",
      "description": "Abandono"
    },
    "dose_adm": {
      "presentation": 1,
      "messure": null,
      "other": "1 comp/día",
      "frecuency": "C24H"
    },
    "info": {
      "text": "DOLUTEGRAVIR/ ABACAVIR/ LAMIVUDINA",
      "targa_short": "DTG+ABV+3TC",
      "brand": "TRIUMEQ",
      "presentation": "50/600/300",
      "presentation_unit": "COMP",
      "messure_unit": "MG",
      "atc": "J05AR13"
    }
  },
  {
    "drug_id": 32,
    "start_date": "2014-08-07",
    "end_date": "2016-01-19",
    "end_reason": {
      "code": "PHEND_MED",
      "description": "Criterio Médico"
    },
    "dose_adm": {
      "presentation": 1,
      "messure": null,
      "other": "1 Comp./12h.",
      "frecuency": "C12H"
    },
    "info": {
      "text": "ABACAVIR/LAMIVUDINA/ZIDOVUDINA",
      "targa_short": "ABC+3TC+AZT",
      "brand": "TRIZIVIR",
      "presentation": "300/150/300",
      "presentation_unit": "COMP",
      "messure_unit": "MG",
      "atc": "J05AR04"
    }
  },
  {
    "drug_id": 144,
    "start_date": "2012-03-20",
    "end_date": "2012-05-08",
    "end_reason": {
      "code": "PHEND_ABAN",
      "description": "Abandono"
    },
    "dose_adm": {
      "presentation": 1,
      "messure": null,
      "other": "1 comp/12 h",
      "frecuency": "C12H"
    },
    "info": {
      "text": "DARUNAVIR",
      "targa_short": "DRV",
      "brand": "PREZISTA",
      "presentation": "600,0",
      "presentation_unit": "COMP",
      "messure_unit": "MG",
      "atc": "J05AE10"
    }
  },
  {
    "drug_id": 64,
    "start_date": "2012-03-20",
    "end_date": "2012-05-08",
    "end_reason": {
      "code": "PHEND_ABAN",
      "description": "Abandono"
    },
    "dose_adm": {
      "presentation": 1,
      "messure": null,
      "other": "1 Comp./12h",
      "frecuency": "C12H"
    },
    "info": {
      "text": "RITONAVIR",
      "targa_short": "RTV",
      "brand": "NORVIR",
      "presentation": "100,0",
      "presentation_unit": "COMP",
      "messure_unit": "MG",
      "atc": "J05AE03"
    }
  },
  {
    "drug_id": 85,
    "start_date": "2012-03-20",
    "end_date": "2012-05-08",
    "end_reason": {
      "code": "PHEND_ABAN",
      "description": "Abandono"
    },
    "dose_adm": {
      "presentation": 1,
      "messure": null,
      "other": "1 Comp./24h.",
      "frecuency": "C24H"
    },
    "info": {
      "text": "ABACAVIR SULFATE/ LAMIVUDINA",
      "targa_short": "ABC+3TC",
      "brand": "KIVEXA",
      "presentation": "600/300",
      "presentation_unit": "COMP",
      "messure_unit": "MG",
      "atc": "J05AR02"
    }
  },
  {
    "drug_id": 64,
    "start_date": "2011-07-13",
    "end_date": "2011-08-31",
    "end_reason": {
      "code": "PHEND_ABAN",
      "description": "Abandono"
    },
    "dose_adm": {
      "presentation": 1,
      "messure": null,
      "other": "1 Comp./24h.",
      "frecuency": "C24H"
    },
    "info": {
      "text": "RITONAVIR",
      "targa_short": "RTV",
      "brand": "NORVIR",
      "presentation": "100,0",
      "presentation_unit": "COMP",
      "messure_unit": "MG",
      "atc": "J05AE03"
    }
  },
  {
    "drug_id": 142,
    "start_date": "2011-07-13",
    "end_date": "2011-08-31",
    "end_reason": {
      "code": "PHEND_ABAN",
      "description": "Abandono"
    },
    "dose_adm": {
      "presentation": 2,
      "messure": null,
      "other": "2 comp/24h",
      "frecuency": "C24H"
    },
    "info": {
      "text": "DARUNAVIR",
      "targa_short": "DRV",
      "brand": "PREZISTA",
      "presentation": "400,0",
      "presentation_unit": "COMP",
      "messure_unit": "MG",
      "atc": "J05AE10"
    }
  },
  {
    "drug_id": 85,
    "start_date": "2011-07-13",
    "end_date": "2011-08-31",
    "end_reason": {
      "code": "PHEND_ABAN",
      "description": "Abandono"
    },
    "dose_adm": {
      "presentation": 1,
      "messure": null,
      "other": "1 Comp./24h.",
      "frecuency": "C24H"
    },
    "info": {
      "text": "ABACAVIR SULFATE/ LAMIVUDINA",
      "targa_short": "ABC+3TC",
      "brand": "KIVEXA",
      "presentation": "600/300",
      "presentation_unit": "COMP",
      "messure_unit": "MG",
      "atc": "J05AR02"
    }
  },
  {
    "drug_id": 86,
    "start_date": "2010-10-06",
    "end_date": "2010-10-30",
    "end_reason": {
      "code": "PHEND_UNK",
      "description": "Desconocido"
    },
    "dose_adm": {
      "presentation": 1,
      "messure": null,
      "other": "1 Comp./24h.",
      "frecuency": "C24H"
    },
    "info": {
      "text": "EMTRICITABINA/TENOFOVIR",
      "targa_short": "FTC+TDF",
      "brand": "TRUVADA",
      "presentation": "200/245",
      "presentation_unit": "COMP",
      "messure_unit": "MG",
      "atc": "J05AR03"
    }
  },
  {
    "drug_id": 64,
    "start_date": "2010-07-07",
    "end_date": "2010-10-30",
    "end_reason": {
      "code": "PHEND_UNK",
      "description": "Desconocido"
    },
    "dose_adm": {
      "presentation": 1,
      "messure": null,
      "other": "1 Comp./24h.",
      "frecuency": "C24H"
    },
    "info": {
      "text": "RITONAVIR",
      "targa_short": "RTV",
      "brand": "NORVIR",
      "presentation": "100,0",
      "presentation_unit": "COMP",
      "messure_unit": "MG",
      "atc": "J05AE03"
    }
  },
  {
    "drug_id": 139,
    "start_date": "2010-07-07",
    "end_date": "2010-10-30",
    "end_reason": {
      "code": "PHEND_UNK",
      "description": "Desconocido"
    },
    "dose_adm": {
      "presentation": 1,
      "messure": null,
      "other": "1 COMP DIARIO",
      "frecuency": "C24H"
    },
    "info": {
      "text": "ATAZANAVIR",
      "targa_short": "ATZ",
      "brand": "REYATAZ",
      "presentation": "300,0",
      "presentation_unit": "CAPS",
      "messure_unit": "MG",
      "atc": "J05AE08"
    }
  },
  {
    "drug_id": 31,
    "start_date": "2010-07-07",
    "end_date": "2010-10-06",
    "end_reason": {
      "code": "PHEND_SIMP",
      "description": "Simplificación"
    },
    "dose_adm": {
      "presentation": 1,
      "messure": null,
      "other": "1 Comp/24h.",
      "frecuency": "C24H"
    },
    "info": {
      "text": "TENOFOVIR",
      "targa_short": "TDF",
      "brand": "VIREAD",
      "presentation": "300,0",
      "presentation_unit": "COMP",
      "messure_unit": "MG",
      "atc": "J05AF07"
    }
  },
  {
    "drug_id": 40,
    "start_date": "2010-07-07",
    "end_date": "2010-10-06",
    "end_reason": {
      "code": "PHEND_SIMP",
      "description": "Simplificación"
    },
    "dose_adm": {
      "presentation": 1,
      "messure": null,
      "other": "1 Comp./24h.",
      "frecuency": "C24H"
    },
    "info": {
      "text": "LAMIVUDINA",
      "targa_short": "3TC",
      "brand": "EPIVIR",
      "presentation": "300,0",
      "presentation_unit": "COMP",
      "messure_unit": "MG",
      "atc": "J05AF05"
    }
  }
]