[
  {
    "drug_id": 179,
    "start_date": "2022-08-10",
    "end_date": "2023-12-23",
    "end_reason": {
      "code": "PHEND_LOST",
      "description": "Perdido Control"
    },
    "dose_adm": {
      "presentation": 1,
      "messure": null,
      "other": null,
      "frecuency": "DE"
    },
    "info": {
      "text": "BICTEGRAVIR/ EMTRICITABINA/ TENOFOVIR ALAFENAMIDA",
      "targa_short": "BIC+FTC+TAF",
      "brand": "BIKTARVY",
      "presentation": "50/200/25",
      "presentation_unit": "COMP",
      "messure_unit": "MG",
      "atc": "J05AR20"
    }
  },
  {
    "drug_id": 179,
    "start_date": "2025-02-20",
    "end_date": null,
    "end_reason": {
      "code": null,
      "description": null
    },
    "dose_adm": {
      "presentation": 1,
      "messure": null,
      "other": null,
      "frecuency": "DE"
    },
    "info": {
      "text": "BICTEGRAVIR/ EMTRICITABINA/ TENOFOVIR ALAFENAMIDA",
      "targa_short": "BIC+FTC+TAF",
      "brand": "BIKTARVY",
      "presentation": "50/200/25",
      "presentation_unit": "COMP",
      "messure_unit": "MG",
      "atc": "J05AR20"
    }
  }
]