[
  {
    "drug_id": 176,
    "start_date": "2025-01-15",
    "end_date": "2025-03-24",
    "end_reason": {
      "code": "PHEND_MED",
      "description": "Criterio Médico"
    },
    "dose_adm": {
      "presentation": 1,
      "messure": null,
      "other": null,
      "frecuency": null
    },
    "info": {
      "text": "DARUNAVIR/ COBICISTAT/ EMTRICITABINA/ TENOFOVIR ALAF.",
      "targa_short": "DRV+COBI+FTC+TAF",
      "brand": "SYMTUZA",
      "presentation": "800/150/200/10",
      "presentation_unit": "COMP",
      "messure_unit": "MG",
      "atc": "J05AR22"
    }
  },
  {
    "drug_id": 180,
    "start_date": "2025-03-05",
    "end_date": null,
    "end_reason": {
      "code": null,
      "description": null
    },
    "dose_adm": {
      "presentation": 1,
      "messure": null,
      "other": null,
      "frecuency": "DE"
    },
    "info": {
      "text": "DOLUTEGRAVIR/ RILPIVIRINA",
      "targa_short": "DTG+RPV",
      "brand": "JULUCA",
      "presentation": "50/25",
      "presentation_unit": "COMP",
      "messure_unit": "MG",
      "atc": "J05AR21"
    }
  }
]