[
  {
    "drug_id": 148,
    "start_date": "2013-07-11",
    "end_date": "2020-12-01",
    "end_reason": {
      "code": "PHEND_SIMP",
      "description": "Simplificación"
    },
    "dose_adm": {
      "presentation": 1,
      "messure": null,
      "other": " 1 comp/diario ",
      "frecuency": "C24H"
    },
    "info": {
      "text": "EMTRICITABINA/ TENOFOVIR DISOPROXIL/ RILPIVIRINA",
      "targa_short": "FTC+TDF+RPV",
      "brand": "EVIPLERA ",
      "presentation": "200/245/25",
      "presentation_unit": "COMP",
      "messure_unit": "MG",
      "atc": "J05AR08"
    }
  },
  {
    "drug_id": 181,
    "start_date": "2021-02-08",
    "end_date": null,
    "end_reason": {
      "code": null,
      "description": null
    },
    "dose_adm": {
      "presentation": 1,
      "messure": null,
      "other": "1 comp/día",
      "frecuency": "C24H"
    },
    "info": {
      "text": "DOLUTEGRAVIR/ LAMIVUDINA",
      "targa_short": "DGT+3TC",
      "brand": "DOVATO",
      "presentation": "50/300",
      "presentation_unit": "COMP",
      "messure_unit": "MG",
      "atc": "J05AR25"
    }
  },
  {
    "drug_id": 178,
    "start_date": "2020-12-01",
    "end_date": "2021-02-08",
    "end_reason": {
      "code": "PHEND_SIMP",
      "description": "Simplificación"
    },
    "dose_adm": {
      "presentation": 1,
      "messure": null,
      "other": "1 comp/diario",
      "frecuency": "C24H"
    },
    "info": {
      "text": "EMTRICITABINA/ RILPIVIRINA/ TENOFOVIR ALAF.",
      "targa_short": "FTC+RPV+TAF",
      "brand": "ODEFSEY",
      "presentation": "200/25/25",
      "presentation_unit": "COMP",
      "messure_unit": "MG",
      "atc": "J05AR19"
    }
  }
]