[
  {
    "drug_id": 100,
    "start_date": "2012-04-21",
    "end_date": "2012-10-31",
    "end_reason": {
      "code": "PHEND_ADVEF",
      "description": "Efecto Secundario"
    },
    "dose_adm": {
      "presentation": 1,
      "messure": null,
      "other": "1 Comp./24h.",
      "frecuency": "C24H"
    },
    "info": {
      "text": "EFAVIRENZ/ EMTRICITABINA/ TENOFOVIR DF.",
      "targa_short": "EFV+FTC+TDF",
      "brand": "ATRIPLA",
      "presentation": "600/200/245",
      "presentation_unit": "COMP",
      "messure_unit": "MG",
      "atc": "J05AR06"
    }
  },
  {
    "drug_id": 178,
    "start_date": "2018-10-18",
    "end_date": "2022-01-24",
    "end_reason": {
      "code": "PHEND_COST",
      "description": "Coste"
    },
    "dose_adm": {
      "presentation": 1,
      "messure": null,
      "other": null,
      "frecuency": null
    },
    "info": {
      "text": "EMTRICITABINA/ RILPIVIRINA/ TENOFOVIR ALAF.",
      "targa_short": "FTC+RPV+TAF",
      "brand": "ODEFSEY",
      "presentation": "200/25/25",
      "presentation_unit": "COMP",
      "messure_unit": "MG",
      "atc": "J05AR19"
    }
  },
  {
    "drug_id": 179,
    "start_date": "2022-01-25",
    "end_date": null,
    "end_reason": {
      "code": null,
      "description": null
    },
    "dose_adm": {
      "presentation": 1,
      "messure": null,
      "other": null,
      "frecuency": "DE"
    },
    "info": {
      "text": "BICTEGRAVIR/ EMTRICITABINA/ TENOFOVIR ALAFENAMIDA",
      "targa_short": "BIC+FTC+TAF",
      "brand": "BIKTARVY",
      "presentation": "50/200/25",
      "presentation_unit": "COMP",
      "messure_unit": "MG",
      "atc": "J05AR20"
    }
  },
  {
    "drug_id": 148,
    "start_date": "2017-02-23",
    "end_date": "2022-01-24",
    "end_reason": {
      "code": "PHEND_COST",
      "description": "Coste"
    },
    "dose_adm": {
      "presentation": 1,
      "messure": null,
      "other": null,
      "frecuency": null
    },
    "info": {
      "text": "EMTRICITABINA/ TENOFOVIR DISOPROXIL/ RILPIVIRINA",
      "targa_short": "FTC+TDF+RPV",
      "brand": "EVIPLERA ",
      "presentation": "200/245/25",
      "presentation_unit": "COMP",
      "messure_unit": "MG",
      "atc": "J05AR08"
    }
  },
  {
    "drug_id": 150,
    "start_date": "2012-10-31",
    "end_date": "2017-02-23",
    "end_reason": {
      "code": "PHEND_ABAN",
      "description": "Abandono"
    },
    "dose_adm": {
      "presentation": 1,
      "messure": null,
      "other": "1  comp/12h",
      "frecuency": "C12H"
    },
    "info": {
      "text": "ETRAVIRINA",
      "targa_short": "ETV",
      "brand": "INTELENCE",
      "presentation": "200,0",
      "presentation_unit": "COMP",
      "messure_unit": "MG",
      "atc": "J05AG04"
    }
  },
  {
    "drug_id": 86,
    "start_date": "2012-10-31",
    "end_date": "2017-02-23",
    "end_reason": {
      "code": "PHEND_ABAN",
      "description": "Abandono"
    },
    "dose_adm": {
      "presentation": 1,
      "messure": null,
      "other": "1 Comp./24h.",
      "frecuency": "C24H"
    },
    "info": {
      "text": "EMTRICITABINA/TENOFOVIR",
      "targa_short": "FTC+TDF",
      "brand": "TRUVADA",
      "presentation": "200/245",
      "presentation_unit": "COMP",
      "messure_unit": "MG",
      "atc": "J05AR03"
    }
  }
]