[
  {
    "drug_id": 1,
    "start_date": "1994-06-14",
    "end_date": "1994-08-15",
    "end_reason": {
      "code": "PHEND_ADVEF",
      "description": "Efecto Secundario"
    },
    "dose_adm": {
      "presentation": null,
      "messure": 250,
      "other": "250 mg/12h",
      "frecuency": "C12H"
    },
    "info": {
      "text": "ZIDOVUDINA",
      "targa_short": "AZT",
      "brand": "RETROVIR",
      "presentation": "250,0",
      "presentation_unit": "COMP",
      "messure_unit": "MG",
      "atc": "J05AF01"
    }
  },
  {
    "drug_id": 176,
    "start_date": "2019-08-03",
    "end_date": null,
    "end_reason": {
      "code": null,
      "description": null
    },
    "dose_adm": {
      "presentation": 1,
      "messure": null,
      "other": "1COMP DE",
      "frecuency": "DE"
    },
    "info": {
      "text": "DARUNAVIR/ COBICISTAT/ EMTRICITABINA/ TENOFOVIR ALAF.",
      "targa_short": "DRV+COBI+FTC+TAF",
      "brand": "SYMTUZA",
      "presentation": "800/150/200/10",
      "presentation_unit": "COMP",
      "messure_unit": "MG",
      "atc": "J05AR22"
    }
  },
  {
    "drug_id": 64,
    "start_date": "2008-06-09",
    "end_date": "2008-07-17",
    "end_reason": {
      "code": "PHEND_UNK",
      "description": "Desconocido"
    },
    "dose_adm": {
      "presentation": 1,
      "messure": null,
      "other": "1 Comp./24h.",
      "frecuency": "C24H"
    },
    "info": {
      "text": "RITONAVIR",
      "targa_short": "RTV",
      "brand": "NORVIR",
      "presentation": "100,0",
      "presentation_unit": "COMP",
      "messure_unit": "MG",
      "atc": "J05AE03"
    }
  },
  {
    "drug_id": 86,
    "start_date": "2008-06-09",
    "end_date": "2008-07-17",
    "end_reason": {
      "code": "PHEND_UNK",
      "description": "Desconocido"
    },
    "dose_adm": {
      "presentation": 1,
      "messure": null,
      "other": "1 Comp./24h.",
      "frecuency": "C24H"
    },
    "info": {
      "text": "EMTRICITABINA/TENOFOVIR",
      "targa_short": "FTC+TDF",
      "brand": "TRUVADA",
      "presentation": "200/245",
      "presentation_unit": "COMP",
      "messure_unit": "MG",
      "atc": "J05AR03"
    }
  },
  {
    "drug_id": 41,
    "start_date": "2008-06-09",
    "end_date": "2008-07-17",
    "end_reason": {
      "code": "PHEND_UNK",
      "description": "Desconocido"
    },
    "dose_adm": {
      "presentation": 2,
      "messure": null,
      "other": "2 Comp./24h.",
      "frecuency": "C24H"
    },
    "info": {
      "text": "ATAZANAVIR",
      "targa_short": "ATZ",
      "brand": "REYATAZ",
      "presentation": "150,0",
      "presentation_unit": "CAPS",
      "messure_unit": "MG",
      "atc": "J05AE08"
    }
  },
  {
    "drug_id": 27,
    "start_date": "2006-06-07",
    "end_date": "2008-06-09",
    "end_reason": {
      "code": "PHEND_ADVEF",
      "description": "Efecto Secundario"
    },
    "dose_adm": {
      "presentation": 2,
      "messure": null,
      "other": "2 Comp./12h.",
      "frecuency": "C12H"
    },
    "info": {
      "text": "LOPINAVIR/ RITONAVIR",
      "targa_short": "LPV+RTV",
      "brand": "KALETRA",
      "presentation": "200/50",
      "presentation_unit": "CAPS",
      "messure_unit": "MG",
      "atc": "J05AR10"
    }
  },
  {
    "drug_id": 31,
    "start_date": "2006-06-07",
    "end_date": "2008-06-09",
    "end_reason": {
      "code": "PHEND_ADVEF",
      "description": "Efecto Secundario"
    },
    "dose_adm": {
      "presentation": 1,
      "messure": null,
      "other": "1 Comp/24h.",
      "frecuency": "C24H"
    },
    "info": {
      "text": "TENOFOVIR",
      "targa_short": "TDF",
      "brand": "VIREAD",
      "presentation": "300,0",
      "presentation_unit": "COMP",
      "messure_unit": "MG",
      "atc": "J05AF07"
    }
  },
  {
    "drug_id": 61,
    "start_date": "2006-06-07",
    "end_date": "2008-06-09",
    "end_reason": {
      "code": "PHEND_ADVEF",
      "description": "Efecto Secundario"
    },
    "dose_adm": {
      "presentation": 1,
      "messure": null,
      "other": "1 Comp./12h.",
      "frecuency": "C12H"
    },
    "info": {
      "text": "ESTAVUDINA",
      "targa_short": "D4T",
      "brand": "ZERIT",
      "presentation": "30,0",
      "presentation_unit": "COMP",
      "messure_unit": "MG",
      "atc": "J05AF04"
    }
  },
  {
    "drug_id": 11,
    "start_date": "1999-01-08",
    "end_date": "2002-09-24",
    "end_reason": {
      "code": "PHEND_UNK",
      "description": "Desconocido"
    },
    "dose_adm": {
      "presentation": null,
      "messure": 750,
      "other": "750 mg/8h",
      "frecuency": "C8H"
    },
    "info": {
      "text": "NELFINAVIR",
      "targa_short": "NFV",
      "brand": "VIRACEPT",
      "presentation": "250,0",
      "presentation_unit": "COMP",
      "messure_unit": "MG",
      "atc": "J05AE04"
    }
  },
  {
    "drug_id": 4,
    "start_date": "1999-01-08",
    "end_date": "2002-09-24",
    "end_reason": {
      "code": "PHEND_UNK",
      "description": "Desconocido"
    },
    "dose_adm": {
      "presentation": null,
      "messure": 150,
      "other": "150 mg/12h",
      "frecuency": "C12H"
    },
    "info": {
      "text": "LAMIVUDINA",
      "targa_short": "3TC",
      "brand": "EPIVIR",
      "presentation": "150,0",
      "presentation_unit": "COMP",
      "messure_unit": "MG",
      "atc": "J05AF05"
    }
  },
  {
    "drug_id": 5,
    "start_date": "1999-01-08",
    "end_date": "2002-09-24",
    "end_reason": {
      "code": "PHEND_UNK",
      "description": "Desconocido"
    },
    "dose_adm": {
      "presentation": null,
      "messure": 40,
      "other": "40 mg/12h",
      "frecuency": "C12H"
    },
    "info": {
      "text": "ESTAVUDINA",
      "targa_short": "D4T",
      "brand": "ZERIT",
      "presentation": "40,0",
      "presentation_unit": "COMP",
      "messure_unit": "MG",
      "atc": "J05AF04"
    }
  },
  {
    "drug_id": 3,
    "start_date": "1997-03-17",
    "end_date": "1997-04-29",
    "end_reason": {
      "code": "PHEND_ABAN",
      "description": "Abandono"
    },
    "dose_adm": {
      "presentation": null,
      "messure": 150,
      "other": "150 mg/12h",
      "frecuency": "C12H"
    },
    "info": {
      "text": "DIDANOXINA",
      "targa_short": "DDI",
      "brand": "VIDEX",
      "presentation": "400,0",
      "presentation_unit": "CAPS",
      "messure_unit": "MG",
      "atc": "J05AF02"
    }
  },
  {
    "drug_id": 5,
    "start_date": "1997-03-17",
    "end_date": "1997-04-29",
    "end_reason": {
      "code": "PHEND_ABAN",
      "description": "Abandono"
    },
    "dose_adm": {
      "presentation": null,
      "messure": 40,
      "other": "40 mg/12h",
      "frecuency": "C12H"
    },
    "info": {
      "text": "ESTAVUDINA",
      "targa_short": "D4T",
      "brand": "ZERIT",
      "presentation": "40,0",
      "presentation_unit": "COMP",
      "messure_unit": "MG",
      "atc": "J05AF04"
    }
  },
  {
    "drug_id": 3,
    "start_date": "1996-01-17",
    "end_date": "1996-02-28",
    "end_reason": {
      "code": "PHEND_ABAN",
      "description": "Abandono"
    },
    "dose_adm": {
      "presentation": null,
      "messure": 150,
      "other": "150 mg/12h",
      "frecuency": "C12H"
    },
    "info": {
      "text": "DIDANOXINA",
      "targa_short": "DDI",
      "brand": "VIDEX",
      "presentation": "400,0",
      "presentation_unit": "CAPS",
      "messure_unit": "MG",
      "atc": "J05AF02"
    }
  },
  {
    "drug_id": 3,
    "start_date": "1994-10-27",
    "end_date": "1995-06-13",
    "end_reason": {
      "code": "PHEND_ABAN",
      "description": "Abandono"
    },
    "dose_adm": {
      "presentation": null,
      "messure": 150,
      "other": "150 mg/12h",
      "frecuency": "C12H"
    },
    "info": {
      "text": "DIDANOXINA",
      "targa_short": "DDI",
      "brand": "VIDEX",
      "presentation": "400,0",
      "presentation_unit": "CAPS",
      "messure_unit": "MG",
      "atc": "J05AF02"
    }
  }
]