[
  {
    "drug_id": 100,
    "start_date": "2011-07-05",
    "end_date": "2017-09-27",
    "end_reason": {
      "code": "PHEND_RESTRAN",
      "description": "Cambio Residencia"
    },
    "dose_adm": {
      "presentation": 1,
      "messure": null,
      "other": "1 Comp./24h.",
      "frecuency": "C24H"
    },
    "info": {
      "text": "EFAVIRENZ/ EMTRICITABINA/ TENOFOVIR DF.",
      "targa_short": "EFV+FTC+TDF",
      "brand": "ATRIPLA",
      "presentation": "600/200/245",
      "presentation_unit": "COMP",
      "messure_unit": "MG",
      "atc": "J05AR06"
    }
  },
  {
    "drug_id": 181,
    "start_date": "2020-01-01",
    "end_date": null,
    "end_reason": {
      "code": null,
      "description": null
    },
    "dose_adm": {
      "presentation": 1,
      "messure": null,
      "other": "1 comp/día",
      "frecuency": "C24H"
    },
    "info": {
      "text": "DOLUTEGRAVIR/ LAMIVUDINA",
      "targa_short": "DGT+3TC",
      "brand": "DOVATO",
      "presentation": "50/300",
      "presentation_unit": "COMP",
      "messure_unit": "MG",
      "atc": "J05AR25"
    }
  }
]