[
  {
    "drug_id": 161,
    "start_date": "2020-10-19",
    "end_date": "2025-01-05",
    "end_reason": {
      "code": "PHEND_LOST",
      "description": "Perdido Control"
    },
    "dose_adm": {
      "presentation": null,
      "messure": 50,
      "other": null,
      "frecuency": "C24H"
    },
    "info": {
      "text": "DOLUTEGRAVIR",
      "targa_short": "DOL",
      "brand": "TIVICAY",
      "presentation": "50,0",
      "presentation_unit": "COMP",
      "messure_unit": "MG",
      "atc": "J05AJ03"
    }
  },
  {
    "drug_id": 176,
    "start_date": "2020-10-19",
    "end_date": null,
    "end_reason": {
      "code": null,
      "description": null
    },
    "dose_adm": {
      "presentation": 1,
      "messure": 50,
      "other": null,
      "frecuency": "DE"
    },
    "info": {
      "text": "DARUNAVIR/ COBICISTAT/ EMTRICITABINA/ TENOFOVIR ALAF.",
      "targa_short": "DRV+COBI+FTC+TAF",
      "brand": "SYMTUZA",
      "presentation": "800/150/200/10",
      "presentation_unit": "COMP",
      "messure_unit": "MG",
      "atc": "J05AR22"
    }
  },
  {
    "drug_id": 161,
    "start_date": "2020-10-19",
    "end_date": null,
    "end_reason": {
      "code": null,
      "description": null
    },
    "dose_adm": {
      "presentation": null,
      "messure": 50,
      "other": null,
      "frecuency": "C24H"
    },
    "info": {
      "text": "DOLUTEGRAVIR",
      "targa_short": "DOL",
      "brand": "TIVICAY",
      "presentation": "50,0",
      "presentation_unit": "COMP",
      "messure_unit": "MG",
      "atc": "J05AJ03"
    }
  },
  {
    "drug_id": 176,
    "start_date": "2020-10-19",
    "end_date": "2025-01-05",
    "end_reason": {
      "code": "PHEND_LOST",
      "description": "Perdido Control"
    },
    "dose_adm": {
      "presentation": 1,
      "messure": null,
      "other": null,
      "frecuency": "DE"
    },
    "info": {
      "text": "DARUNAVIR/ COBICISTAT/ EMTRICITABINA/ TENOFOVIR ALAF.",
      "targa_short": "DRV+COBI+FTC+TAF",
      "brand": "SYMTUZA",
      "presentation": "800/150/200/10",
      "presentation_unit": "COMP",
      "messure_unit": "MG",
      "atc": "J05AR22"
    }
  }
]