[
  {
    "drug_id": 31,
    "start_date": "2005-05-11",
    "end_date": "2006-04-10",
    "end_reason": {
      "code": "PHEND_UNK",
      "description": "Desconocido"
    },
    "dose_adm": {
      "presentation": 1,
      "messure": null,
      "other": "1 Comp/24h.",
      "frecuency": "C24H"
    },
    "info": {
      "text": "TENOFOVIR",
      "targa_short": "TDF",
      "brand": "VIREAD",
      "presentation": "300,0",
      "presentation_unit": "COMP",
      "messure_unit": "MG",
      "atc": "J05AF07"
    }
  },
  {
    "drug_id": 166,
    "start_date": "2020-05-29",
    "end_date": "2025-04-10",
    "end_reason": {
      "code": "PHEND_MED",
      "description": "Criterio Médico"
    },
    "dose_adm": {
      "presentation": 1,
      "messure": null,
      "other": null,
      "frecuency": null
    },
    "info": {
      "text": "DOLUTEGRAVIR/ ABACAVIR/ LAMIVUDINA",
      "targa_short": "DTG+ABV+3TC",
      "brand": "TRIUMEQ",
      "presentation": "50/600/300",
      "presentation_unit": "COMP",
      "messure_unit": "MG",
      "atc": "J05AR13"
    }
  },
  {
    "drug_id": 181,
    "start_date": "2024-10-11",
    "end_date": null,
    "end_reason": {
      "code": null,
      "description": null
    },
    "dose_adm": {
      "presentation": 1,
      "messure": null,
      "other": null,
      "frecuency": "C24H"
    },
    "info": {
      "text": "DOLUTEGRAVIR/ LAMIVUDINA",
      "targa_short": "DGT+3TC",
      "brand": "DOVATO",
      "presentation": "50/300",
      "presentation_unit": "COMP",
      "messure_unit": "MG",
      "atc": "J05AR25"
    }
  },
  {
    "drug_id": 166,
    "start_date": "2019-05-07",
    "end_date": "2020-01-01",
    "end_reason": {
      "code": "PHEND_ABAN",
      "description": "Abandono"
    },
    "dose_adm": {
      "presentation": 1,
      "messure": null,
      "other": "1 comp/día",
      "frecuency": "C24H"
    },
    "info": {
      "text": "DOLUTEGRAVIR/ ABACAVIR/ LAMIVUDINA",
      "targa_short": "DTG+ABV+3TC",
      "brand": "TRIUMEQ",
      "presentation": "50/600/300",
      "presentation_unit": "COMP",
      "messure_unit": "MG",
      "atc": "J05AR13"
    }
  },
  {
    "drug_id": 166,
    "start_date": "2015-08-25",
    "end_date": "2018-11-01",
    "end_reason": {
      "code": "PHEND_ABAN",
      "description": "Abandono"
    },
    "dose_adm": {
      "presentation": 1,
      "messure": null,
      "other": "1 comp/día",
      "frecuency": "C24H"
    },
    "info": {
      "text": "DOLUTEGRAVIR/ ABACAVIR/ LAMIVUDINA",
      "targa_short": "DTG+ABV+3TC",
      "brand": "TRIUMEQ",
      "presentation": "50/600/300",
      "presentation_unit": "COMP",
      "messure_unit": "MG",
      "atc": "J05AR13"
    }
  },
  {
    "drug_id": 150,
    "start_date": "2015-04-08",
    "end_date": "2015-08-25",
    "end_reason": {
      "code": "PHEND_SIMP",
      "description": "Simplificación"
    },
    "dose_adm": {
      "presentation": 1,
      "messure": null,
      "other": "1  comp/12h",
      "frecuency": "C12H"
    },
    "info": {
      "text": "ETRAVIRINA",
      "targa_short": "ETV",
      "brand": "INTELENCE",
      "presentation": "200,0",
      "presentation_unit": "COMP",
      "messure_unit": "MG",
      "atc": "J05AG04"
    }
  },
  {
    "drug_id": 85,
    "start_date": "2015-04-08",
    "end_date": "2015-08-25",
    "end_reason": {
      "code": "PHEND_SIMP",
      "description": "Simplificación"
    },
    "dose_adm": {
      "presentation": 1,
      "messure": null,
      "other": "1 Comp./24h.",
      "frecuency": "C24H"
    },
    "info": {
      "text": "ABACAVIR SULFATE/ LAMIVUDINA",
      "targa_short": "ABC+3TC",
      "brand": "KIVEXA",
      "presentation": "600/300",
      "presentation_unit": "COMP",
      "messure_unit": "MG",
      "atc": "J05AR02"
    }
  },
  {
    "drug_id": 150,
    "start_date": "2013-04-18",
    "end_date": "2013-10-21",
    "end_reason": {
      "code": "PHEND_LOST",
      "description": "Perdido Control"
    },
    "dose_adm": {
      "presentation": null,
      "messure": 400,
      "other": "400 MG/24 hs",
      "frecuency": "C24H"
    },
    "info": {
      "text": "ETRAVIRINA",
      "targa_short": "ETV",
      "brand": "INTELENCE",
      "presentation": "200,0",
      "presentation_unit": "COMP",
      "messure_unit": "MG",
      "atc": "J05AG04"
    }
  },
  {
    "drug_id": 85,
    "start_date": "2013-04-18",
    "end_date": "2013-10-21",
    "end_reason": {
      "code": "PHEND_LOST",
      "description": "Perdido Control"
    },
    "dose_adm": {
      "presentation": 1,
      "messure": null,
      "other": "1 Comp./24h.",
      "frecuency": "C24H"
    },
    "info": {
      "text": "ABACAVIR SULFATE/ LAMIVUDINA",
      "targa_short": "ABC+3TC",
      "brand": "KIVEXA",
      "presentation": "600/300",
      "presentation_unit": "COMP",
      "messure_unit": "MG",
      "atc": "J05AR02"
    }
  },
  {
    "drug_id": 94,
    "start_date": "2011-08-01",
    "end_date": "2011-10-03",
    "end_reason": {
      "code": "PHEND_LOST",
      "description": "Perdido Control"
    },
    "dose_adm": {
      "presentation": 1,
      "messure": null,
      "other": "1 comp./12 h.",
      "frecuency": "C12H"
    },
    "info": {
      "text": "RALTEGRAVIR ",
      "targa_short": "RAL",
      "brand": "ISSENTRESS",
      "presentation": "400,0",
      "presentation_unit": "COMP",
      "messure_unit": "MG",
      "atc": "J05AJ01"
    }
  },
  {
    "drug_id": 64,
    "start_date": "2011-06-09",
    "end_date": "2011-08-01",
    "end_reason": {
      "code": "PHEND_ADVEF",
      "description": "Efecto Secundario"
    },
    "dose_adm": {
      "presentation": 1,
      "messure": null,
      "other": "1 Comp./24h.",
      "frecuency": "C24H"
    },
    "info": {
      "text": "RITONAVIR",
      "targa_short": "RTV",
      "brand": "NORVIR",
      "presentation": "100,0",
      "presentation_unit": "COMP",
      "messure_unit": "MG",
      "atc": "J05AE03"
    }
  },
  {
    "drug_id": 142,
    "start_date": "2011-06-09",
    "end_date": "2011-08-01",
    "end_reason": {
      "code": "PHEND_ADVEF",
      "description": "Efecto Secundario"
    },
    "dose_adm": {
      "presentation": 2,
      "messure": null,
      "other": "2 comp/24h",
      "frecuency": "C24H"
    },
    "info": {
      "text": "DARUNAVIR",
      "targa_short": "DRV",
      "brand": "PREZISTA",
      "presentation": "400,0",
      "presentation_unit": "COMP",
      "messure_unit": "MG",
      "atc": "J05AE10"
    }
  },
  {
    "drug_id": 86,
    "start_date": "2011-06-09",
    "end_date": "2011-10-03",
    "end_reason": {
      "code": "PHEND_LOST",
      "description": "Perdido Control"
    },
    "dose_adm": {
      "presentation": 1,
      "messure": null,
      "other": "1 Comp./24h.",
      "frecuency": "C24H"
    },
    "info": {
      "text": "EMTRICITABINA/TENOFOVIR",
      "targa_short": "FTC+TDF",
      "brand": "TRUVADA",
      "presentation": "200/245",
      "presentation_unit": "COMP",
      "messure_unit": "MG",
      "atc": "J05AR03"
    }
  },
  {
    "drug_id": 64,
    "start_date": "2010-06-14",
    "end_date": "2010-08-13",
    "end_reason": {
      "code": "PHEND_ABAN",
      "description": "Abandono"
    },
    "dose_adm": {
      "presentation": 1,
      "messure": null,
      "other": "1 Comp./24h.",
      "frecuency": "C24H"
    },
    "info": {
      "text": "RITONAVIR",
      "targa_short": "RTV",
      "brand": "NORVIR",
      "presentation": "100,0",
      "presentation_unit": "COMP",
      "messure_unit": "MG",
      "atc": "J05AE03"
    }
  },
  {
    "drug_id": 139,
    "start_date": "2010-06-14",
    "end_date": "2010-08-13",
    "end_reason": {
      "code": "PHEND_ABAN",
      "description": "Abandono"
    },
    "dose_adm": {
      "presentation": 1,
      "messure": null,
      "other": "1 COMP DIARIO",
      "frecuency": "C24H"
    },
    "info": {
      "text": "ATAZANAVIR",
      "targa_short": "ATZ",
      "brand": "REYATAZ",
      "presentation": "300,0",
      "presentation_unit": "CAPS",
      "messure_unit": "MG",
      "atc": "J05AE08"
    }
  },
  {
    "drug_id": 86,
    "start_date": "2010-06-14",
    "end_date": "2010-08-13",
    "end_reason": {
      "code": "PHEND_ABAN",
      "description": "Abandono"
    },
    "dose_adm": {
      "presentation": 1,
      "messure": null,
      "other": "1 Comp./24h.",
      "frecuency": "C24H"
    },
    "info": {
      "text": "EMTRICITABINA/TENOFOVIR",
      "targa_short": "FTC+TDF",
      "brand": "TRUVADA",
      "presentation": "200/245",
      "presentation_unit": "COMP",
      "messure_unit": "MG",
      "atc": "J05AR03"
    }
  },
  {
    "drug_id": 100,
    "start_date": "2009-12-14",
    "end_date": "2009-12-21",
    "end_reason": {
      "code": "PHEND_ADVEF",
      "description": "Efecto Secundario"
    },
    "dose_adm": {
      "presentation": 1,
      "messure": null,
      "other": "1 Comp./24h.",
      "frecuency": "C24H"
    },
    "info": {
      "text": "EFAVIRENZ/ EMTRICITABINA/ TENOFOVIR DF.",
      "targa_short": "EFV+FTC+TDF",
      "brand": "ATRIPLA",
      "presentation": "600/200/245",
      "presentation_unit": "COMP",
      "messure_unit": "MG",
      "atc": "J05AR06"
    }
  },
  {
    "drug_id": 64,
    "start_date": "2009-06-03",
    "end_date": "2009-07-03",
    "end_reason": {
      "code": "PHEND_ABAN",
      "description": "Abandono"
    },
    "dose_adm": {
      "presentation": 1,
      "messure": null,
      "other": "1 Comp./24h.",
      "frecuency": "C24H"
    },
    "info": {
      "text": "RITONAVIR",
      "targa_short": "RTV",
      "brand": "NORVIR",
      "presentation": "100,0",
      "presentation_unit": "COMP",
      "messure_unit": "MG",
      "atc": "J05AE03"
    }
  },
  {
    "drug_id": 139,
    "start_date": "2009-06-03",
    "end_date": "2009-07-03",
    "end_reason": {
      "code": "PHEND_ABAN",
      "description": "Abandono"
    },
    "dose_adm": {
      "presentation": 1,
      "messure": null,
      "other": "1 COMP DIARIO",
      "frecuency": "C24H"
    },
    "info": {
      "text": "ATAZANAVIR",
      "targa_short": "ATZ",
      "brand": "REYATAZ",
      "presentation": "300,0",
      "presentation_unit": "CAPS",
      "messure_unit": "MG",
      "atc": "J05AE08"
    }
  },
  {
    "drug_id": 86,
    "start_date": "2009-06-03",
    "end_date": "2009-07-03",
    "end_reason": {
      "code": "PHEND_ABAN",
      "description": "Abandono"
    },
    "dose_adm": {
      "presentation": 1,
      "messure": null,
      "other": "1 Comp./24h.",
      "frecuency": "C24H"
    },
    "info": {
      "text": "EMTRICITABINA/TENOFOVIR",
      "targa_short": "FTC+TDF",
      "brand": "TRUVADA",
      "presentation": "200/245",
      "presentation_unit": "COMP",
      "messure_unit": "MG",
      "atc": "J05AR03"
    }
  },
  {
    "drug_id": 64,
    "start_date": "2008-04-09",
    "end_date": "2008-05-09",
    "end_reason": {
      "code": "PHEND_ABAN",
      "description": "Abandono"
    },
    "dose_adm": {
      "presentation": 1,
      "messure": null,
      "other": "1 comp/12 horas",
      "frecuency": "C12H"
    },
    "info": {
      "text": "RITONAVIR",
      "targa_short": "RTV",
      "brand": "NORVIR",
      "presentation": "100,0",
      "presentation_unit": "COMP",
      "messure_unit": "MG",
      "atc": "J05AE03"
    }
  },
  {
    "drug_id": 63,
    "start_date": "2008-04-09",
    "end_date": "2008-05-09",
    "end_reason": {
      "code": "PHEND_ABAN",
      "description": "Abandono"
    },
    "dose_adm": {
      "presentation": 2,
      "messure": null,
      "other": "2 comp/12 horas",
      "frecuency": "C12H"
    },
    "info": {
      "text": "SAQUINAVIR",
      "targa_short": "SQV",
      "brand": "INVIRASE",
      "presentation": "500,0",
      "presentation_unit": "COMP",
      "messure_unit": "MG",
      "atc": "J05AE01"
    }
  },
  {
    "drug_id": 64,
    "start_date": "2008-01-30",
    "end_date": "2008-04-09",
    "end_reason": {
      "code": "PHEND_ADVEF",
      "description": "Efecto Secundario"
    },
    "dose_adm": {
      "presentation": null,
      "messure": 100,
      "other": "100/12",
      "frecuency": "C12H"
    },
    "info": {
      "text": "RITONAVIR",
      "targa_short": "RTV",
      "brand": "NORVIR",
      "presentation": "100,0",
      "presentation_unit": "COMP",
      "messure_unit": "MG",
      "atc": "J05AE03"
    }
  },
  {
    "drug_id": 42,
    "start_date": "2008-01-30",
    "end_date": "2008-04-09",
    "end_reason": {
      "code": "PHEND_ADVEF",
      "description": "Efecto Secundario"
    },
    "dose_adm": {
      "presentation": null,
      "messure": null,
      "other": "1/12",
      "frecuency": null
    },
    "info": {
      "text": "FOSAMPRENAVIR",
      "targa_short": "FAPV",
      "brand": "TELZIR",
      "presentation": "700,0",
      "presentation_unit": "COMP",
      "messure_unit": "MG",
      "atc": "J05AE07"
    }
  },
  {
    "drug_id": 86,
    "start_date": "2007-10-01",
    "end_date": "2008-01-01",
    "end_reason": {
      "code": "PHEND_ADVEF",
      "description": "Efecto Secundario"
    },
    "dose_adm": {
      "presentation": null,
      "messure": null,
      "other": null,
      "frecuency": null
    },
    "info": {
      "text": "EMTRICITABINA/TENOFOVIR",
      "targa_short": "FTC+TDF",
      "brand": "TRUVADA",
      "presentation": "200/245",
      "presentation_unit": "COMP",
      "messure_unit": "MG",
      "atc": "J05AR03"
    }
  },
  {
    "drug_id": 7,
    "start_date": "2008-01-30",
    "end_date": "2008-04-09",
    "end_reason": {
      "code": "PHEND_ADVEF",
      "description": "Efecto Secundario"
    },
    "dose_adm": {
      "presentation": null,
      "messure": 600,
      "other": "600 mg/dia",
      "frecuency": "C24H"
    },
    "info": {
      "text": "EFAVIRENZ",
      "targa_short": "EFV",
      "brand": "SUSTIVA",
      "presentation": "600,0",
      "presentation_unit": "COMP",
      "messure_unit": "MG",
      "atc": "J05AG03"
    }
  },
  {
    "drug_id": 86,
    "start_date": "2008-01-30",
    "end_date": "2008-03-03",
    "end_reason": {
      "code": "PHEND_ABAN",
      "description": "Abandono"
    },
    "dose_adm": {
      "presentation": 1,
      "messure": null,
      "other": "1 comp dia",
      "frecuency": "C24H"
    },
    "info": {
      "text": "EMTRICITABINA/TENOFOVIR",
      "targa_short": "FTC+TDF",
      "brand": "TRUVADA",
      "presentation": "200/245",
      "presentation_unit": "COMP",
      "messure_unit": "MG",
      "atc": "J05AR03"
    }
  },
  {
    "drug_id": 154,
    "start_date": "2006-10-04",
    "end_date": "2007-08-08",
    "end_reason": {
      "code": "PHEND_ABAN",
      "description": "Abandono"
    },
    "dose_adm": {
      "presentation": 1,
      "messure": null,
      "other": "1 Comp./12h.",
      "frecuency": "C12H"
    },
    "info": {
      "text": "NEVIRAPINA",
      "targa_short": "NVP",
      "brand": "KERN PHARMA",
      "presentation": "200,0",
      "presentation_unit": "COMP",
      "messure_unit": "MG",
      "atc": "J05AG01"
    }
  },
  {
    "drug_id": 86,
    "start_date": "2006-10-04",
    "end_date": "2007-08-08",
    "end_reason": {
      "code": "PHEND_ABAN",
      "description": "Abandono"
    },
    "dose_adm": {
      "presentation": 1,
      "messure": null,
      "other": "1 Comp./24h.",
      "frecuency": "C24H"
    },
    "info": {
      "text": "EMTRICITABINA/TENOFOVIR",
      "targa_short": "FTC+TDF",
      "brand": "TRUVADA",
      "presentation": "200/245",
      "presentation_unit": "COMP",
      "messure_unit": "MG",
      "atc": "J05AR03"
    }
  },
  {
    "drug_id": 7,
    "start_date": "2005-05-11",
    "end_date": "2006-04-10",
    "end_reason": {
      "code": "PHEND_ADVEF",
      "description": "Efecto Secundario"
    },
    "dose_adm": {
      "presentation": 1,
      "messure": null,
      "other": "1 Comp./24h.",
      "frecuency": "C24H"
    },
    "info": {
      "text": "EFAVIRENZ",
      "targa_short": "EFV",
      "brand": "SUSTIVA",
      "presentation": "600,0",
      "presentation_unit": "COMP",
      "messure_unit": "MG",
      "atc": "J05AG03"
    }
  },
  {
    "drug_id": 40,
    "start_date": "2005-05-11",
    "end_date": "2006-04-10",
    "end_reason": {
      "code": "PHEND_SIMP",
      "description": "Simplificación"
    },
    "dose_adm": {
      "presentation": 1,
      "messure": null,
      "other": "1 Comp./24h.",
      "frecuency": "C24H"
    },
    "info": {
      "text": "LAMIVUDINA",
      "targa_short": "3TC",
      "brand": "EPIVIR",
      "presentation": "300,0",
      "presentation_unit": "COMP",
      "messure_unit": "MG",
      "atc": "J05AF05"
    }
  }
]